{
    "processors": [
      {
        "processor_type": "minecraft:rule",
        "rules": [
          {
            "position_predicate": {
              "predicate_type": "minecraft:always_true"
            },
            "location_predicate": {
              "predicate_type": "minecraft:always_true"
            },
            "input_predicate": {
              "predicate_type": "minecraft:block_match",
              "block": "minecraft:hay_block"
            },
            "output_state": {
              "Name": "minecraft:pumpkin"
            }
          }
        ]
      }
    ]
  }