{
  "processors": [
    {
      "processor_type": "minecraft:rule",
      "rules": [
        {
          "position_predicate": {
            "predicate_type": "minecraft:always_true"
          },
          "location_predicate": {
            "predicate_type": "minecraft:always_true"
          },
          "input_predicate": {
            "predicate_type": "minecraft:block_match",
            "block": "minecraft:grass_block"
          },
          "output_state": {
            "Name": "minecraft:snow_block"
          }
        },
        {
          "position_predicate": {
            "predicate_type": "minecraft:always_true"
          },
          "location_predicate": {
            "predicate_type": "minecraft:always_true"
          },
          "input_predicate": {
            "predicate_type": "minecraft:random_block_match",
            "block": "minecraft:sweet_berry_bush",
            "probability": 0.5
          },
          "output_state": {
            "Name": "minecraft:pumpkin_stem",
            "Properties": {
              "age": "4"
            }
          }
        },
        {
          "position_predicate": {
            "predicate_type": "minecraft:always_true"
          },
          "location_predicate": {
            "predicate_type": "minecraft:always_true"
          },
          "input_predicate": {
            "predicate_type": "minecraft:random_block_match",
            "block": "minecraft:carrots",
            "probability": 0.5
          },
          "output_state": {
            "Name": "minecraft:pumpkin_stem",
            "Properties": {
              "age": "4"
            }
          }
        },
        {
          "position_predicate": {
            "predicate_type": "minecraft:always_true"
          },
          "location_predicate": {
            "predicate_type": "minecraft:always_true"
          },
          "input_predicate": {
            "predicate_type": "minecraft:block_match",
            "block": "minecraft:sweet_berry_bush"
          },
          "output_state": {
            "Name": "minecraft:air"
          }
        },
        {
          "position_predicate": {
            "predicate_type": "minecraft:always_true"
          },
          "location_predicate": {
            "predicate_type": "minecraft:always_true"
          },
          "input_predicate": {
            "predicate_type": "minecraft:block_match",
            "block": "minecraft:carrots"
          },
          "output_state": {
            "Name": "minecraft:air"
          }
        },
        {
          "position_predicate": {
            "predicate_type": "minecraft:always_true"
          },
          "location_predicate": {
            "predicate_type": "minecraft:always_true"
          },
          "input_predicate": {
            "predicate_type": "minecraft:block_match",
            "block": "minecraft:oak_fence"
          },
          "output_state": {
            "Name": "minecraft:air"
          }
        },
        {
          "position_predicate": {
            "predicate_type": "minecraft:always_true"
          },
          "location_predicate": {
            "predicate_type": "minecraft:always_true"
          },
          "input_predicate": {
            "predicate_type": "minecraft:block_match",
            "block": "minecraft:oak_trapdoor"
          },
          "output_state": {
            "Name": "minecraft:air"
          }
        }
      ]
    }
  ]
}