{
    "processors": [
      {
        "processor_type": "minecraft:rule",
        "rules": [
          {
            "input_predicate": {
              "predicate_type": "minecraft:random_block_match",
              "block": "minecraft:moss_carpet",
              "probability": 0.3
            },
            "location_predicate": {
              "predicate_type": "minecraft:always_true"
            },
            "output_state": {
              "Name": "minecraft:grass"
            }
          },
          {
            "input_predicate": {
              "predicate_type": "minecraft:random_block_match",
              "block": "minecraft:moss_carpet",
              "probability": 0.2
            },
            "location_predicate": {
              "predicate_type": "minecraft:always_true"
            },
            "output_state": {
              "Name": "minecraft:fern"
            }
          },
          {
            "input_predicate": {
              "predicate_type": "minecraft:random_block_match",
              "block": "minecraft:moss_carpet",
              "probability": 0.5
            },
            "location_predicate": {
              "predicate_type": "minecraft:always_true"
            },
            "output_state": {
              "Name": "minecraft:air"
            }
          },
          {
            "input_predicate": {
              "predicate_type": "minecraft:block_match",
              "block": "minecraft:cyan_carpet"
            },
            "location_predicate": {
              "predicate_type": "minecraft:always_true"
            },
            "output_state": {
              "Name": "minecraft:moss_carpet"
            }
          }
        ]
      }
    ]
  }
  