{
    "processors": [
      {
        "processor_type": "minecraft:rule",
        "rules": [
          {
            "input_predicate": {
              "predicate_type": "minecraft:random_block_match",
              "block": "minecraft:gray_wool",
              "probability": 0.25
            },
            "location_predicate": {
              "predicate_type": "minecraft:always_true"
            },
            "output_state": {
              "Name": "minecraft:andesite"
            }
          },
          {
            "input_predicate": {
              "predicate_type": "minecraft:random_block_match",
              "block": "minecraft:gray_wool",
              "probability": 0.33
            },
            "location_predicate": {
              "predicate_type": "minecraft:always_true"
            },
            "output_state": {
              "Name": "minecraft:cracked_stone_bricks"
            }
          },
          {
            "input_predicate": {
              "predicate_type": "minecraft:random_block_match",
              "block": "minecraft:gray_wool",
              "probability": 0.5
            },
            "location_predicate": {
              "predicate_type": "minecraft:always_true"
            },
            "output_state": {
              "Name": "minecraft:gravel"
            }
          },
          {
            "input_predicate": {
              "predicate_type": "minecraft:random_block_match",
              "block": "minecraft:gray_wool",
              "probability": 1
            },
            "location_predicate": {
              "predicate_type": "minecraft:always_true"
            },
            "output_state": {
              "Name": "minecraft:stone"
            }
          }
        ]
      }
    ]
  }
  