{
  "display": {
    "icon": {
      "item": "minecraft:nether_bricks"
    },
    "title": "The Self-Sacrifice",
    "description": "Consume a Demon Potion",
    "frame": "challenge",
    "show_toast": true,
    "announce_to_chat": true,
    "hidden": false
  },
  "parent": "mt:treasure_advancements/first_legendary_nether_treasure",
  "criteria": {
    "requirement": {
      "trigger": "minecraft:consume_item",
      "conditions": {
        "item": {
          "nbt": "{food:demonp}"
        }
      }
    }
  }
}
