{
  "display": {
    "icon": {
      "item": "minecraft:ghast_tear"
    },
    "title": "Restoring One's Soul",
    "description": "Consume a Soul Potion",
    "frame": "task",
    "show_toast": true,
    "announce_to_chat": true,
    "hidden": false
  },
  "parent": "mt:treasure_advancements/first_epic_soulvalley_treasure",
  "criteria": {
    "requirement": {
      "trigger": "minecraft:consume_item",
      "conditions": {
        "item": {
          "nbt": "{food:soul}"
        }
      }
    }
  }
}
