{
  "processors": [
    {
      "processor_type": "minecraft:rule",
      "rules": [
        {
          "input_predicate": {
            "block": "minecraft:orange_stained_glass",
            "predicate_type": "minecraft:random_block_match",
            "probability": 1
          },
          "location_predicate": {
            "predicate_type": "minecraft:always_true"
          },
          "output_state": {
            "Name": "minecraft:stone"
          }
        },
		{
          "input_predicate": {
            "block": "minecraft:decorated_pot",
            "predicate_type": "minecraft:random_block_match",
            "probability": 0.6
          },
          "location_predicate": {
            "predicate_type": "minecraft:always_true"
          },
          "output_state": {
            "Name": "minecraft:air"
          }
        },
		{
          "input_predicate": {
            "block": "minecraft:stone",
            "predicate_type": "minecraft:block_match"
          },
          "location_predicate": {
            "block": "minecraft:water",
            "predicate_type": "minecraft:block_match"
          },
          "output_state": {
            "Name": "minecraft:dark_oak_planks"
          }
        },
		{
          "input_predicate": {
            "block": "minecraft:stone",
            "predicate_type": "minecraft:block_match"
          },
          "location_predicate": {
            "block": "minecraft:air",
            "predicate_type": "minecraft:block_match"
          },
          "output_state": {
            "Name": "minecraft:dark_oak_planks"
          }
        },
        {
          "input_predicate": {
            "block": "minecraft:red_stained_glass",
            "predicate_type": "minecraft:random_block_match",
            "probability": 1
          },
          "location_predicate": {
            "predicate_type": "minecraft:always_true"
          },
          "output_state": {
            "Name": "minecraft:dark_oak_fence"
          }
        },
		{
          "input_predicate": {
            "block": "minecraft:wall_torch",
            "predicate_type": "minecraft:random_block_match",
            "probability": 0.9
          },
          "location_predicate": {
            "predicate_type": "minecraft:always_true"
          },
          "output_state": {
            "Name": "minecraft:air"
          }
        },
		{
          "input_predicate": {
            "block": "minecraft:cobweb",
            "predicate_type": "minecraft:random_block_match",
            "probability": 0.7
          },
          "location_predicate": {
            "predicate_type": "minecraft:always_true"
          },
          "output_state": {
            "Name": "minecraft:air"
          }
        },
		{
          "input_predicate": {
            "block": "minecraft:cobweb",
            "predicate_type": "minecraft:random_block_match",
            "probability": 0.2
          },
          "location_predicate": {
            "predicate_type": "minecraft:always_true"
          },
          "output_state": {
            "Name": "minecraft:stone"
          }
        },
		{
          "input_predicate": {
            "block": "minecraft:stone",
            "predicate_type": "minecraft:block_match",
			"probability": 1
          },
          "location_predicate": {
            "block": "minecraft:water",
            "predicate_type": "minecraft:block_match"
          },
          "output_state": {
            "Name": "minecraft:dark_oak_planks"
          }
        },
		{
          "input_predicate": {
            "block": "minecraft:stone",
            "predicate_type": "minecraft:block_match",
			"probability": 1
          },
          "location_predicate": {
            "block": "minecraft:air",
            "predicate_type": "minecraft:block_match"
          },
          "output_state": {
            "Name": "minecraft:dark_oak_planks"
          }
        },
		{
          "input_predicate": {
            "block": "minecraft:stone",
            "predicate_type": "minecraft:block_match",
			"probability": 1
          },
          "location_predicate": {
            "block": "minecraft:cave_air",
            "predicate_type": "minecraft:block_match"
          },
          "output_state": {
            "Name": "minecraft:dark_oak_planks"
          }
        }
      ]
    }
  ]
}