{
  "display": {
    "icon": {
      "item": "minecraft:cooked_rabbit"
    },
    "title": "I'm Not Starving Anymore",
    "description": "Sprint with the Taiga Pants",
    "frame": "challenge",
    "show_toast": true,
    "announce_to_chat": true,
    "hidden": true
  },
  "parent": "mt:treasure_advancements/first_legendary_taiga_treasure",
  "criteria": {
    "requirement": {
      "trigger": "minecraft:location",
      "conditions": {
        "player": [
          {
            "condition": "minecraft:entity_properties",
            "entity": "this",
            "predicate": {
              "flags": {
                "is_sprinting": true
              },
              "equipment": {
                "legs": {
                  "nbt": "{armor:taiga_pants}"
                }
              }
            }
          }
        ]
      }
    }
  }
}
