{
  "display": {
    "icon": {
      "item": "minecraft:bone"
    },
    "title": "Did You Think You'd Die?",
    "description": "Activate a Death Totem",
    "frame": "task",
    "show_toast": true,
    "announce_to_chat": true,
    "hidden": false
  },
  "parent": "mt:treasure_advancements/first_legendary_taiga_treasure",
  "criteria": {
    "requirement": {
      "trigger": "minecraft:used_totem",
      "conditions": {
        "item": {
          "nbt": "{weapon:totemdeath}"
        }
      }
    }
  }
}
