{
  "criteria": {
    "empty": {
      "trigger": "minecraft:inventory_changed",
      "conditions": {
        "player": [
          {
            "condition": "minecraft:entity_properties",
            "entity": "this",
            "predicate": {
              "equipment": {
                "head": {
                  "items": [
                    "minecraft:air"
                  ]
                }
              }
            }
          }
        ]
      }
    },
    "head": {
      "trigger": "minecraft:inventory_changed",
      "conditions": {
        "player": [
          {
            "condition": "minecraft:entity_properties",
            "entity": "this",
            "predicate": {
              "equipment": {
                "head": {
                  "tag": "mt:head"
                }
              }
            }
          }
        ],
        "items": [
          {
            "tag": "mt:head"
          }
        ]
      }
    }
  },
  "requirements": [
    [
      "empty",
      "head"
    ]
  ],
  "rewards": {
    "function": "mt:technical/head_check"
  }
}
