{
  "display": {
    "icon": {
      "item": "minecraft:bow"
    },
    "title": "Stray'ned",
    "description": "Obtain a Stray Bow",
    "frame": "challenge",
    "show_toast": true,
    "announce_to_chat": true,
    "hidden": false
  },
  "parent": "mt:treasure_advancements/first_legendary_ice_treasure",
  "criteria": {
    "obtainchest": {
      "trigger": "minecraft:inventory_changed",
      "conditions": {
        "items": [
          {
            "items": [
              "minecraft:bow"
            ],
            "nbt": "{weapon:stray}"
          }
        ]
      }
    }
  }
}
