{
  "display": {
    "icon": {
      "item": "minecraft:snowball"
    },
    "title": "Frost + Ice = Slow Walk",
    "description": "Use Frost Walker combined with the Ice Sword.",
    "frame": "challenge",
    "show_toast": true,
    "announce_to_chat": true,
    "hidden": true
  },
  "parent": "mt:treasure_advancements/first_legendary_ice_treasure",
  "criteria": {
    "requirement": {
      "trigger": "minecraft:player_hurt_entity",
      "conditions": {
        "player": [
          {
            "condition": "minecraft:entity_properties",
            "entity": "this",
            "predicate": {
              "flags": {},
              "equipment": {
                "mainhand": {
                  "nbt": "{weapon:ice_sword}"
                },
                "feet": {
                  "enchantments": [
                    {
                      "enchantment": "minecraft:frost_walker"
                    }
                  ]
                }
              }
            }
          }
        ],
        "damage": {
          "type": {
            "is_explosion": false,
            "is_fire": false,
            "is_magic": false,
            "is_projectile": false,
            "is_lightning": false,
            "bypasses_armor": false,
            "bypasses_invulnerability": false,
            "bypasses_magic": false
          }
        }
      }
    }
  }
}
