{
  "pools": [
    {
      "rolls": 1,
      "entries": [
        {
          "type": "minecraft:item",
          "name": "minecraft:leather_boots",
          "functions": [
            {
              "function": "minecraft:set_nbt",
              "tag": "{display:{Name:'{\"text\":\"Jungle Shoes\",\"color\":\"gold\",\"italic\":false}',Lore:['{\"text\":\" \"}','{\"text\":\"Ability:\",\"color\":\"green\",\"italic\":false}','{\"text\":\"When worn the user gains\",\"color\":\"gray\",\"italic\":false}','{\"text\":\"permanent Strength II in jungles. \",\"color\":\"gray\",\"italic\":false}'],color:6553364},HideFlags:64,RepairCost:99999,Unbreakable:1b,armor:jungle_shoes,mt:armor}"
            },
            {
              "function": "minecraft:set_attributes",
              "modifiers": [
                {
                  "attribute": "minecraft:generic.armor",
                  "name": "minecraft:generic.armor",
                  "amount": 2.5,
                  "operation": "addition",
                  "slot": "feet"
                },
                {
                  "attribute": "minecraft:generic.armor_toughness",
                  "name": "minecraft:generic.armor_toughness",
                  "amount": 2.5,
                  "operation": "addition",
                  "slot": "feet"
                },
                {
                  "attribute": "minecraft:generic.movement_speed",
                  "name": "minecraft:generic.movement_speed",
                  "amount": 0.3,
                  "operation": "multiply_base",
                  "slot": "feet"
                },
                {
                  "attribute": "minecraft:generic.movement_speed",
                  "name": "minecraft:generic.movement_speed",
                  "amount": 0.3,
                  "operation": "multiply_base",
                  "slot": "feet"
                }
              ]
            },
            {
              "function": "minecraft:set_enchantments",
              "enchantments": {
                "minecraft:protection": {
                  "min": 3,
                  "max": 7
                },
                "minecraft:projectile_protection": {
                  "min": 3,
                  "max": 7
                },
                "minecraft:blast_protection": {
                  "min": 3,
                  "max": 7
                },
                "minecraft:fire_protection": {
                  "min": 3,
                  "max": 7
                },
                "minecraft:feather_falling": {
                  "min": 3,
                  "max": 7
                },
                "minecraft:depth_strider": {
                  "min": 1,
                  "max": 3
                },
                "minecraft:soul_speed": {
                  "min": {
                    "type": "minecraft:constant",
                    "value": 1
                  },
                  "max": {
                    "type": "minecraft:constant",
                    "value": 3
                  }
                }
              }
            }
          ]
        },
        {
          "type": "minecraft:item",
          "name": "minecraft:leather_boots",
          "functions": [
            {
              "function": "minecraft:set_nbt",
              "tag": "{display:{Name:'{\"text\":\"Jungle Shoes\",\"color\":\"gold\",\"italic\":false}',Lore:['{\"text\":\" \"}','{\"text\":\"Ability:\",\"color\":\"green\",\"italic\":false}','{\"text\":\"When worn the user gains\",\"color\":\"gray\",\"italic\":false}','{\"text\":\"permanent Strength II in jungles. \",\"color\":\"gray\",\"italic\":false}'],color:6553364},HideFlags:64,RepairCost:99999,Unbreakable:1b,armor:jungle_shoes,mt:armor}"
            },
            {
              "function": "minecraft:set_attributes",
              "modifiers": [
                {
                  "attribute": "minecraft:generic.armor",
                  "name": "minecraft:generic.armor",
                  "amount": 3,
                  "operation": "addition",
                  "slot": "feet"
                },
                {
                  "attribute": "minecraft:generic.armor_toughness",
                  "name": "minecraft:generic.armor_toughness",
                  "amount": 3,
                  "operation": "addition",
                  "slot": "feet"
                },
                {
                  "attribute": "minecraft:generic.movement_speed",
                  "name": "minecraft:generic.movement_speed",
                  "amount": 0.3,
                  "operation": "multiply_base",
                  "slot": "feet"
                }
              ]
            },
            {
              "function": "minecraft:set_enchantments",
              "enchantments": {
                "minecraft:protection": {
                  "min": 3,
                  "max": 7
                },
                "minecraft:projectile_protection": {
                  "min": 3,
                  "max": 7
                },
                "minecraft:blast_protection": {
                  "min": 3,
                  "max": 7
                },
                "minecraft:fire_protection": {
                  "min": 3,
                  "max": 7
                },
                "minecraft:feather_falling": {
                  "min": 3,
                  "max": 7
                },
                "minecraft:depth_strider": {
                  "min": 1,
                  "max": 3
                },
                "minecraft:soul_speed": {
                  "min": {
                    "type": "minecraft:constant",
                    "value": 1
                  },
                  "max": {
                    "type": "minecraft:constant",
                    "value": 3
                  }
                }
              }
            }
          ]
        },
        {
          "type": "minecraft:item",
          "name": "minecraft:leather_boots",
          "functions": [
            {
              "function": "minecraft:set_nbt",
              "tag": "{display:{Name:'{\"text\":\"Jungle Shoes\",\"color\":\"gold\",\"italic\":false}',Lore:['{\"text\":\" \"}','{\"text\":\"Ability:\",\"color\":\"green\",\"italic\":false}','{\"text\":\"When worn the user gains\",\"color\":\"gray\",\"italic\":false}','{\"text\":\"permanent Strength II in jungles. \",\"color\":\"gray\",\"italic\":false}'],color:6553364},HideFlags:64,RepairCost:99999,Unbreakable:1b,armor:jungle_shoes,mt:armor}"
            },
            {
              "function": "minecraft:set_attributes",
              "modifiers": [
                {
                  "attribute": "minecraft:generic.armor",
                  "name": "minecraft:generic.armor",
                  "amount": 3.5,
                  "operation": "addition",
                  "slot": "feet"
                },
                {
                  "attribute": "minecraft:generic.armor_toughness",
                  "name": "minecraft:generic.armor_toughness",
                  "amount": 3.5,
                  "operation": "addition",
                  "slot": "feet"
                },
                {
                  "attribute": "minecraft:generic.movement_speed",
                  "name": "minecraft:generic.movement_speed",
                  "amount": 0.3,
                  "operation": "multiply_base",
                  "slot": "feet"
                }
              ]
            },
            {
              "function": "minecraft:set_enchantments",
              "enchantments": {
                "minecraft:protection": {
                  "min": 3,
                  "max": 7
                },
                "minecraft:projectile_protection": {
                  "min": 3,
                  "max": 7
                },
                "minecraft:blast_protection": {
                  "min": 3,
                  "max": 7
                },
                "minecraft:fire_protection": {
                  "min": 3,
                  "max": 7
                },
                "minecraft:feather_falling": {
                  "min": 3,
                  "max": 7
                },
                "minecraft:depth_strider": {
                  "min": 1,
                  "max": 3
                },
                "minecraft:soul_speed": {
                  "min": {
                    "type": "minecraft:constant",
                    "value": 1
                  },
                  "max": {
                    "type": "minecraft:constant",
                    "value": 3
                  }
                }
              }
            }
          ]
        },
        {
          "type": "minecraft:item",
          "name": "minecraft:leather_boots",
          "functions": [
            {
              "function": "minecraft:set_nbt",
              "tag": "{display:{Name:'{\"text\":\"Jungle Shoes\",\"color\":\"gold\",\"italic\":false}',Lore:['{\"text\":\" \"}','{\"text\":\"Ability:\",\"color\":\"green\",\"italic\":false}','{\"text\":\"When worn the user gains\",\"color\":\"gray\",\"italic\":false}','{\"text\":\"permanent Strength II in jungles. \",\"color\":\"gray\",\"italic\":false}'],color:6553364},HideFlags:64,RepairCost:99999,Unbreakable:1b,armor:jungle_shoes,mt:armor}"
            },
            {
              "function": "minecraft:set_attributes",
              "modifiers": [
                {
                  "attribute": "minecraft:generic.armor",
                  "name": "minecraft:generic.armor",
                  "amount": 4,
                  "operation": "addition",
                  "slot": "feet"
                },
                {
                  "attribute": "minecraft:generic.armor_toughness",
                  "name": "minecraft:generic.armor_toughness",
                  "amount": 4,
                  "operation": "addition",
                  "slot": "feet"
                },
                {
                  "attribute": "minecraft:generic.movement_speed",
                  "name": "minecraft:generic.movement_speed",
                  "amount": 0.3,
                  "operation": "multiply_base",
                  "slot": "feet"
                }
              ]
            },
            {
              "function": "minecraft:set_enchantments",
              "enchantments": {
                "minecraft:protection": {
                  "min": 3,
                  "max": 7
                },
                "minecraft:projectile_protection": {
                  "min": 3,
                  "max": 7
                },
                "minecraft:blast_protection": {
                  "min": 3,
                  "max": 7
                },
                "minecraft:fire_protection": {
                  "min": 3,
                  "max": 7
                },
                "minecraft:feather_falling": {
                  "min": 3,
                  "max": 7
                },
                "minecraft:depth_strider": {
                  "min": 1,
                  "max": 3
                },
                "minecraft:soul_speed": {
                  "min": {
                    "type": "minecraft:constant",
                    "value": 1
                  },
                  "max": {
                    "type": "minecraft:constant",
                    "value": 3
                  }
                }
              }
            }
          ]
        },
        {
          "type": "minecraft:item",
          "name": "minecraft:leather_boots",
          "functions": [
            {
              "function": "minecraft:set_nbt",
              "tag": "{display:{Name:'{\"text\":\"Jungle Shoes\",\"color\":\"gold\",\"italic\":false}',Lore:['{\"text\":\" \"}','{\"text\":\"Ability:\",\"color\":\"green\",\"italic\":false}','{\"text\":\"When worn the user gains\",\"color\":\"gray\",\"italic\":false}','{\"text\":\"permanent Strength II in jungles. \",\"color\":\"gray\",\"italic\":false}'],color:6553364},HideFlags:64,RepairCost:99999,Unbreakable:1b,armor:jungle_shoes,mt:armor}"
            },
            {
              "function": "minecraft:set_attributes",
              "modifiers": [
                {
                  "attribute": "minecraft:generic.armor",
                  "name": "minecraft:generic.armor",
                  "amount": 4.5,
                  "operation": "addition",
                  "slot": "feet"
                },
                {
                  "attribute": "minecraft:generic.armor_toughness",
                  "name": "minecraft:generic.armor_toughness",
                  "amount": 4.5,
                  "operation": "addition",
                  "slot": "feet"
                },
                {
                  "attribute": "minecraft:generic.movement_speed",
                  "name": "minecraft:generic.movement_speed",
                  "amount": 0.3,
                  "operation": "multiply_base",
                  "slot": "feet"
                }
              ]
            },
            {
              "function": "minecraft:set_enchantments",
              "enchantments": {
                "minecraft:protection": {
                  "min": 3,
                  "max": 7
                },
                "minecraft:projectile_protection": {
                  "min": 3,
                  "max": 7
                },
                "minecraft:blast_protection": {
                  "min": 3,
                  "max": 7
                },
                "minecraft:fire_protection": {
                  "min": 3,
                  "max": 7
                },
                "minecraft:feather_falling": {
                  "min": 3,
                  "max": 7
                },
                "minecraft:depth_strider": {
                  "min": 1,
                  "max": 3
                },
                "minecraft:soul_speed": {
                  "min": {
                    "type": "minecraft:constant",
                    "value": 1
                  },
                  "max": {
                    "type": "minecraft:constant",
                    "value": 3
                  }
                }
              }
            }
          ]
        },
        {
          "type": "minecraft:item",
          "name": "minecraft:leather_boots",
          "functions": [
            {
              "function": "minecraft:set_nbt",
              "tag": "{display:{Name:'{\"text\":\"Jungle Shoes\",\"color\":\"gold\",\"italic\":false}',Lore:['{\"text\":\" \"}','{\"text\":\"Ability:\",\"color\":\"green\",\"italic\":false}','{\"text\":\"When worn the user gains\",\"color\":\"gray\",\"italic\":false}','{\"text\":\"permanent Strength II in jungles. \",\"color\":\"gray\",\"italic\":false}'],color:6553364},HideFlags:64,RepairCost:99999,Unbreakable:1b,armor:jungle_shoes,mt:armor}"
            },
            {
              "function": "minecraft:set_attributes",
              "modifiers": [
                {
                  "attribute": "minecraft:generic.armor",
                  "name": "minecraft:generic.armor",
                  "amount": 5,
                  "operation": "addition",
                  "slot": "feet"
                },
                {
                  "attribute": "minecraft:generic.armor_toughness",
                  "name": "minecraft:generic.armor_toughness",
                  "amount": 5,
                  "operation": "addition",
                  "slot": "feet"
                },
                {
                  "attribute": "minecraft:generic.movement_speed",
                  "name": "minecraft:generic.movement_speed",
                  "amount": 0.3,
                  "operation": "multiply_base",
                  "slot": "feet"
                }
              ]
            },
            {
              "function": "minecraft:set_enchantments",
              "enchantments": {
                "minecraft:protection": {
                  "min": 3,
                  "max": 7
                },
                "minecraft:projectile_protection": {
                  "min": 3,
                  "max": 7
                },
                "minecraft:blast_protection": {
                  "min": 3,
                  "max": 7
                },
                "minecraft:fire_protection": {
                  "min": 3,
                  "max": 7
                },
                "minecraft:feather_falling": {
                  "min": 3,
                  "max": 7
                },
                "minecraft:depth_strider": {
                  "min": 1,
                  "max": 3
                },
                "minecraft:soul_speed": {
                  "min": {
                    "type": "minecraft:constant",
                    "value": 1
                  },
                  "max": {
                    "type": "minecraft:constant",
                    "value": 3
                  }
                }
              }
            }
          ]
        },
        {
          "type": "minecraft:item",
          "name": "minecraft:leather_boots",
          "functions": [
            {
              "function": "minecraft:set_nbt",
              "tag": "{display:{Name:'{\"text\":\"Jungle Shoes\",\"color\":\"gold\",\"italic\":false}',Lore:['{\"text\":\" \"}','{\"text\":\"Ability:\",\"color\":\"green\",\"italic\":false}','{\"text\":\"When worn the user gains\",\"color\":\"gray\",\"italic\":false}','{\"text\":\"permanent Strength II in jungles. \",\"color\":\"gray\",\"italic\":false}'],color:6553364},HideFlags:64,RepairCost:99999,Unbreakable:1b,armor:jungle_shoes,mt:armor}"
            },
            {
              "function": "minecraft:set_attributes",
              "modifiers": [
                {
                  "attribute": "minecraft:generic.armor",
                  "name": "minecraft:generic.armor",
                  "amount": 3,
                  "operation": "addition",
                  "slot": "feet"
                },
                {
                  "attribute": "minecraft:generic.armor_toughness",
                  "name": "minecraft:generic.armor_toughness",
                  "amount": 2.5,
                  "operation": "addition",
                  "slot": "feet"
                },
                {
                  "attribute": "minecraft:generic.movement_speed",
                  "name": "minecraft:generic.movement_speed",
                  "amount": 0.3,
                  "operation": "multiply_base",
                  "slot": "feet"
                }
              ]
            },
            {
              "function": "minecraft:set_enchantments",
              "enchantments": {
                "minecraft:protection": {
                  "min": 3,
                  "max": 7
                },
                "minecraft:projectile_protection": {
                  "min": 3,
                  "max": 7
                },
                "minecraft:blast_protection": {
                  "min": 3,
                  "max": 7
                },
                "minecraft:fire_protection": {
                  "min": 3,
                  "max": 7
                },
                "minecraft:feather_falling": {
                  "min": 3,
                  "max": 7
                },
                "minecraft:depth_strider": {
                  "min": 1,
                  "max": 3
                },
                "minecraft:soul_speed": {
                  "min": {
                    "type": "minecraft:constant",
                    "value": 1
                  },
                  "max": {
                    "type": "minecraft:constant",
                    "value": 3
                  }
                }
              }
            }
          ]
        },
        {
          "type": "minecraft:item",
          "name": "minecraft:leather_boots",
          "functions": [
            {
              "function": "minecraft:set_nbt",
              "tag": "{display:{Name:'{\"text\":\"Jungle Shoes\",\"color\":\"gold\",\"italic\":false}',Lore:['{\"text\":\" \"}','{\"text\":\"Ability:\",\"color\":\"green\",\"italic\":false}','{\"text\":\"When worn the user gains\",\"color\":\"gray\",\"italic\":false}','{\"text\":\"permanent Strength II in jungles. \",\"color\":\"gray\",\"italic\":false}'],color:6553364},HideFlags:64,RepairCost:99999,Unbreakable:1b,armor:jungle_shoes,mt:armor}"
            },
            {
              "function": "minecraft:set_attributes",
              "modifiers": [
                {
                  "attribute": "minecraft:generic.armor",
                  "name": "minecraft:generic.armor",
                  "amount": 3.5,
                  "operation": "addition",
                  "slot": "feet"
                },
                {
                  "attribute": "minecraft:generic.armor_toughness",
                  "name": "minecraft:generic.armor_toughness",
                  "amount": 2.5,
                  "operation": "addition",
                  "slot": "feet"
                },
                {
                  "attribute": "minecraft:generic.movement_speed",
                  "name": "minecraft:generic.movement_speed",
                  "amount": 0.3,
                  "operation": "multiply_base",
                  "slot": "feet"
                }
              ]
            },
            {
              "function": "minecraft:set_enchantments",
              "enchantments": {
                "minecraft:protection": {
                  "min": 3,
                  "max": 7
                },
                "minecraft:projectile_protection": {
                  "min": 3,
                  "max": 7
                },
                "minecraft:blast_protection": {
                  "min": 3,
                  "max": 7
                },
                "minecraft:fire_protection": {
                  "min": 3,
                  "max": 7
                },
                "minecraft:feather_falling": {
                  "min": 3,
                  "max": 7
                },
                "minecraft:depth_strider": {
                  "min": 1,
                  "max": 3
                },
                "minecraft:soul_speed": {
                  "min": {
                    "type": "minecraft:constant",
                    "value": 1
                  },
                  "max": {
                    "type": "minecraft:constant",
                    "value": 3
                  }
                }
              }
            }
          ]
        },
        {
          "type": "minecraft:item",
          "name": "minecraft:leather_boots",
          "functions": [
            {
              "function": "minecraft:set_nbt",
              "tag": "{display:{Name:'{\"text\":\"Jungle Shoes\",\"color\":\"gold\",\"italic\":false}',Lore:['{\"text\":\" \"}','{\"text\":\"Ability:\",\"color\":\"green\",\"italic\":false}','{\"text\":\"When worn the user gains\",\"color\":\"gray\",\"italic\":false}','{\"text\":\"permanent Strength II in jungles. \",\"color\":\"gray\",\"italic\":false}'],color:6553364},HideFlags:64,RepairCost:99999,Unbreakable:1b,armor:jungle_shoes,mt:armor}"
            },
            {
              "function": "minecraft:set_attributes",
              "modifiers": [
                {
                  "attribute": "minecraft:generic.armor",
                  "name": "minecraft:generic.armor",
                  "amount": 3.5,
                  "operation": "addition",
                  "slot": "feet"
                },
                {
                  "attribute": "minecraft:generic.armor_toughness",
                  "name": "minecraft:generic.armor_toughness",
                  "amount": 2.5,
                  "operation": "addition",
                  "slot": "feet"
                },
                {
                  "attribute": "minecraft:generic.movement_speed",
                  "name": "minecraft:generic.movement_speed",
                  "amount": 0.3,
                  "operation": "multiply_base",
                  "slot": "feet"
                }
              ]
            },
            {
              "function": "minecraft:set_enchantments",
              "enchantments": {
                "minecraft:protection": {
                  "min": 3,
                  "max": 7
                },
                "minecraft:projectile_protection": {
                  "min": 3,
                  "max": 7
                },
                "minecraft:blast_protection": {
                  "min": 3,
                  "max": 7
                },
                "minecraft:fire_protection": {
                  "min": 3,
                  "max": 7
                },
                "minecraft:feather_falling": {
                  "min": 3,
                  "max": 7
                },
                "minecraft:depth_strider": {
                  "min": 1,
                  "max": 3
                },
                "minecraft:soul_speed": {
                  "min": {
                    "type": "minecraft:constant",
                    "value": 1
                  },
                  "max": {
                    "type": "minecraft:constant",
                    "value": 3
                  }
                }
              }
            }
          ]
        },
        {
          "type": "minecraft:item",
          "name": "minecraft:leather_boots",
          "functions": [
            {
              "function": "minecraft:set_nbt",
              "tag": "{display:{Name:'{\"text\":\"Jungle Shoes\",\"color\":\"gold\",\"italic\":false}',Lore:['{\"text\":\" \"}','{\"text\":\"Ability:\",\"color\":\"green\",\"italic\":false}','{\"text\":\"When worn the user gains\",\"color\":\"gray\",\"italic\":false}','{\"text\":\"permanent Strength II in jungles. \",\"color\":\"gray\",\"italic\":false}'],color:6553364},HideFlags:64,RepairCost:99999,Unbreakable:1b,armor:jungle_shoes,mt:armor}"
            },
            {
              "function": "minecraft:set_attributes",
              "modifiers": [
                {
                  "attribute": "minecraft:generic.armor",
                  "name": "minecraft:generic.armor",
                  "amount": 4,
                  "operation": "addition",
                  "slot": "feet"
                },
                {
                  "attribute": "minecraft:generic.armor_toughness",
                  "name": "minecraft:generic.armor_toughness",
                  "amount": 2.5,
                  "operation": "addition",
                  "slot": "feet"
                },
                {
                  "attribute": "minecraft:generic.movement_speed",
                  "name": "minecraft:generic.movement_speed",
                  "amount": 0.3,
                  "operation": "multiply_base",
                  "slot": "feet"
                }
              ]
            },
            {
              "function": "minecraft:set_enchantments",
              "enchantments": {
                "minecraft:protection": {
                  "min": 3,
                  "max": 7
                },
                "minecraft:projectile_protection": {
                  "min": 3,
                  "max": 7
                },
                "minecraft:blast_protection": {
                  "min": 3,
                  "max": 7
                },
                "minecraft:fire_protection": {
                  "min": 3,
                  "max": 7
                },
                "minecraft:feather_falling": {
                  "min": 3,
                  "max": 7
                },
                "minecraft:depth_strider": {
                  "min": 1,
                  "max": 3
                },
                "minecraft:soul_speed": {
                  "min": {
                    "type": "minecraft:constant",
                    "value": 1
                  },
                  "max": {
                    "type": "minecraft:constant",
                    "value": 3
                  }
                }
              }
            }
          ]
        },
        {
          "type": "minecraft:item",
          "name": "minecraft:leather_boots",
          "functions": [
            {
              "function": "minecraft:set_nbt",
              "tag": "{display:{Name:'{\"text\":\"Jungle Shoes\",\"color\":\"gold\",\"italic\":false}',Lore:['{\"text\":\" \"}','{\"text\":\"Ability:\",\"color\":\"green\",\"italic\":false}','{\"text\":\"When worn the user gains\",\"color\":\"gray\",\"italic\":false}','{\"text\":\"permanent Strength II in jungles. \",\"color\":\"gray\",\"italic\":false}'],color:6553364},HideFlags:64,RepairCost:99999,Unbreakable:1b,armor:jungle_shoes,mt:armor}"
            },
            {
              "function": "minecraft:set_attributes",
              "modifiers": [
                {
                  "attribute": "minecraft:generic.armor",
                  "name": "minecraft:generic.armor",
                  "amount": 4.5,
                  "operation": "addition",
                  "slot": "feet"
                },
                {
                  "attribute": "minecraft:generic.armor_toughness",
                  "name": "minecraft:generic.armor_toughness",
                  "amount": 2.5,
                  "operation": "addition",
                  "slot": "feet"
                },
                {
                  "attribute": "minecraft:generic.movement_speed",
                  "name": "minecraft:generic.movement_speed",
                  "amount": 0.3,
                  "operation": "multiply_base",
                  "slot": "feet"
                }
              ]
            },
            {
              "function": "minecraft:set_enchantments",
              "enchantments": {
                "minecraft:protection": {
                  "min": 3,
                  "max": 7
                },
                "minecraft:projectile_protection": {
                  "min": 3,
                  "max": 7
                },
                "minecraft:blast_protection": {
                  "min": 3,
                  "max": 7
                },
                "minecraft:fire_protection": {
                  "min": 3,
                  "max": 7
                },
                "minecraft:feather_falling": {
                  "min": 3,
                  "max": 7
                },
                "minecraft:depth_strider": {
                  "min": 1,
                  "max": 3
                },
                "minecraft:soul_speed": {
                  "min": {
                    "type": "minecraft:constant",
                    "value": 1
                  },
                  "max": {
                    "type": "minecraft:constant",
                    "value": 3
                  }
                }
              }
            }
          ]
        },
        {
          "type": "minecraft:item",
          "name": "minecraft:leather_boots",
          "functions": [
            {
              "function": "minecraft:set_nbt",
              "tag": "{display:{Name:'{\"text\":\"Jungle Shoes\",\"color\":\"gold\",\"italic\":false}',Lore:['{\"text\":\" \"}','{\"text\":\"Ability:\",\"color\":\"green\",\"italic\":false}','{\"text\":\"When worn the user gains\",\"color\":\"gray\",\"italic\":false}','{\"text\":\"permanent Strength II in jungles. \",\"color\":\"gray\",\"italic\":false}'],color:6553364},HideFlags:64,RepairCost:99999,Unbreakable:1b,armor:jungle_shoes,mt:armor}"
            },
            {
              "function": "minecraft:set_attributes",
              "modifiers": [
                {
                  "attribute": "minecraft:generic.armor",
                  "name": "minecraft:generic.armor",
                  "amount": 5,
                  "operation": "addition",
                  "slot": "feet"
                },
                {
                  "attribute": "minecraft:generic.armor_toughness",
                  "name": "minecraft:generic.armor_toughness",
                  "amount": 2.5,
                  "operation": "addition",
                  "slot": "feet"
                },
                {
                  "attribute": "minecraft:generic.movement_speed",
                  "name": "minecraft:generic.movement_speed",
                  "amount": 0.3,
                  "operation": "multiply_base",
                  "slot": "feet"
                }
              ]
            },
            {
              "function": "minecraft:set_enchantments",
              "enchantments": {
                "minecraft:protection": {
                  "min": 3,
                  "max": 7
                },
                "minecraft:projectile_protection": {
                  "min": 3,
                  "max": 7
                },
                "minecraft:blast_protection": {
                  "min": 3,
                  "max": 7
                },
                "minecraft:fire_protection": {
                  "min": 3,
                  "max": 7
                },
                "minecraft:feather_falling": {
                  "min": 3,
                  "max": 7
                },
                "minecraft:depth_strider": {
                  "min": 1,
                  "max": 3
                },
                "minecraft:soul_speed": {
                  "min": {
                    "type": "minecraft:constant",
                    "value": 1
                  },
                  "max": {
                    "type": "minecraft:constant",
                    "value": 3
                  }
                }
              }
            }
          ]
        },
        {
          "type": "minecraft:item",
          "name": "minecraft:leather_boots",
          "functions": [
            {
              "function": "minecraft:set_nbt",
              "tag": "{display:{Name:'{\"text\":\"Jungle Shoes\",\"color\":\"gold\",\"italic\":false}',Lore:['{\"text\":\" \"}','{\"text\":\"Ability:\",\"color\":\"green\",\"italic\":false}','{\"text\":\"When worn the user gains\",\"color\":\"gray\",\"italic\":false}','{\"text\":\"permanent Strength II in jungles. \",\"color\":\"gray\",\"italic\":false}'],color:6553364},HideFlags:64,RepairCost:99999,Unbreakable:1b,armor:jungle_shoes,mt:armor}"
            },
            {
              "function": "minecraft:set_attributes",
              "modifiers": [
                {
                  "attribute": "minecraft:generic.armor",
                  "name": "minecraft:generic.armor",
                  "amount": 3.5,
                  "operation": "addition",
                  "slot": "feet"
                },
                {
                  "attribute": "minecraft:generic.armor_toughness",
                  "name": "minecraft:generic.armor_toughness",
                  "amount": 5,
                  "operation": "addition",
                  "slot": "feet"
                },
                {
                  "attribute": "minecraft:generic.movement_speed",
                  "name": "minecraft:generic.movement_speed",
                  "amount": 0.3,
                  "operation": "multiply_base",
                  "slot": "feet"
                }
              ]
            },
            {
              "function": "minecraft:set_enchantments",
              "enchantments": {
                "minecraft:protection": {
                  "min": 3,
                  "max": 7
                },
                "minecraft:projectile_protection": {
                  "min": 3,
                  "max": 7
                },
                "minecraft:blast_protection": {
                  "min": 3,
                  "max": 7
                },
                "minecraft:fire_protection": {
                  "min": 3,
                  "max": 7
                },
                "minecraft:feather_falling": {
                  "min": 3,
                  "max": 7
                },
                "minecraft:depth_strider": {
                  "min": 1,
                  "max": 3
                },
                "minecraft:soul_speed": {
                  "min": {
                    "type": "minecraft:constant",
                    "value": 1
                  },
                  "max": {
                    "type": "minecraft:constant",
                    "value": 3
                  }
                }
              }
            }
          ]
        },
        {
          "type": "minecraft:item",
          "name": "minecraft:leather_boots",
          "functions": [
            {
              "function": "minecraft:set_nbt",
              "tag": "{display:{Name:'{\"text\":\"Jungle Shoes\",\"color\":\"gold\",\"italic\":false}',Lore:['{\"text\":\" \"}','{\"text\":\"Ability:\",\"color\":\"green\",\"italic\":false}','{\"text\":\"When worn the user gains\",\"color\":\"gray\",\"italic\":false}','{\"text\":\"permanent Strength II in jungles. \",\"color\":\"gray\",\"italic\":false}'],color:6553364},HideFlags:64,RepairCost:99999,Unbreakable:1b,armor:jungle_shoes,mt:armor}"
            },
            {
              "function": "minecraft:set_attributes",
              "modifiers": [
                {
                  "attribute": "minecraft:generic.armor",
                  "name": "minecraft:generic.armor",
                  "amount": 3.5,
                  "operation": "addition",
                  "slot": "feet"
                },
                {
                  "attribute": "minecraft:generic.armor_toughness",
                  "name": "minecraft:generic.armor_toughness",
                  "amount": 4.5,
                  "operation": "addition",
                  "slot": "feet"
                },
                {
                  "attribute": "minecraft:generic.movement_speed",
                  "name": "minecraft:generic.movement_speed",
                  "amount": 0.3,
                  "operation": "multiply_base",
                  "slot": "feet"
                }
              ]
            },
            {
              "function": "minecraft:set_enchantments",
              "enchantments": {
                "minecraft:protection": {
                  "min": 3,
                  "max": 7
                },
                "minecraft:projectile_protection": {
                  "min": 3,
                  "max": 7
                },
                "minecraft:blast_protection": {
                  "min": 3,
                  "max": 7
                },
                "minecraft:fire_protection": {
                  "min": 3,
                  "max": 7
                },
                "minecraft:feather_falling": {
                  "min": 3,
                  "max": 7
                },
                "minecraft:depth_strider": {
                  "min": 1,
                  "max": 3
                },
                "minecraft:soul_speed": {
                  "min": {
                    "type": "minecraft:constant",
                    "value": 1
                  },
                  "max": {
                    "type": "minecraft:constant",
                    "value": 3
                  }
                }
              }
            }
          ]
        },
        {
          "type": "minecraft:item",
          "name": "minecraft:leather_boots",
          "functions": [
            {
              "function": "minecraft:set_nbt",
              "tag": "{display:{Name:'{\"text\":\"Jungle Shoes\",\"color\":\"gold\",\"italic\":false}',Lore:['{\"text\":\" \"}','{\"text\":\"Ability:\",\"color\":\"green\",\"italic\":false}','{\"text\":\"When worn the user gains\",\"color\":\"gray\",\"italic\":false}','{\"text\":\"permanent Strength II in jungles. \",\"color\":\"gray\",\"italic\":false}'],color:6553364},HideFlags:64,RepairCost:99999,Unbreakable:1b,armor:jungle_shoes,mt:armor}"
            },
            {
              "function": "minecraft:set_attributes",
              "modifiers": [
                {
                  "attribute": "minecraft:generic.armor",
                  "name": "minecraft:generic.armor",
                  "amount": 3,
                  "operation": "addition",
                  "slot": "feet"
                },
                {
                  "attribute": "minecraft:generic.armor_toughness",
                  "name": "minecraft:generic.armor_toughness",
                  "amount": 5,
                  "operation": "addition",
                  "slot": "feet"
                },
                {
                  "attribute": "minecraft:generic.movement_speed",
                  "name": "minecraft:generic.movement_speed",
                  "amount": 0.3,
                  "operation": "multiply_base",
                  "slot": "feet"
                }
              ]
            },
            {
              "function": "minecraft:set_enchantments",
              "enchantments": {
                "minecraft:protection": {
                  "min": 3,
                  "max": 7
                },
                "minecraft:projectile_protection": {
                  "min": 3,
                  "max": 7
                },
                "minecraft:blast_protection": {
                  "min": 3,
                  "max": 7
                },
                "minecraft:fire_protection": {
                  "min": 3,
                  "max": 7
                },
                "minecraft:feather_falling": {
                  "min": 3,
                  "max": 7
                },
                "minecraft:depth_strider": {
                  "min": 1,
                  "max": 3
                },
                "minecraft:soul_speed": {
                  "min": {
                    "type": "minecraft:constant",
                    "value": 1
                  },
                  "max": {
                    "type": "minecraft:constant",
                    "value": 3
                  }
                }
              }
            }
          ]
        },
        {
          "type": "minecraft:item",
          "name": "minecraft:leather_boots",
          "functions": [
            {
              "function": "minecraft:set_nbt",
              "tag": "{display:{Name:'{\"text\":\"Jungle Shoes\",\"color\":\"gold\",\"italic\":false}',Lore:['{\"text\":\" \"}','{\"text\":\"Ability:\",\"color\":\"green\",\"italic\":false}','{\"text\":\"When worn the user gains\",\"color\":\"gray\",\"italic\":false}','{\"text\":\"permanent Strength II in jungles. \",\"color\":\"gray\",\"italic\":false}'],color:6553364},HideFlags:64,RepairCost:99999,Unbreakable:1b,armor:jungle_shoes,mt:armor}"
            },
            {
              "function": "minecraft:set_attributes",
              "modifiers": [
                {
                  "attribute": "minecraft:generic.armor",
                  "name": "minecraft:generic.armor",
                  "amount": 4.5,
                  "operation": "addition",
                  "slot": "feet"
                },
                {
                  "attribute": "minecraft:generic.armor_toughness",
                  "name": "minecraft:generic.armor_toughness",
                  "amount": 5,
                  "operation": "addition",
                  "slot": "feet"
                },
                {
                  "attribute": "minecraft:generic.movement_speed",
                  "name": "minecraft:generic.movement_speed",
                  "amount": 0.3,
                  "operation": "multiply_base",
                  "slot": "feet"
                }
              ]
            },
            {
              "function": "minecraft:set_enchantments",
              "enchantments": {
                "minecraft:protection": {
                  "min": 3,
                  "max": 7
                },
                "minecraft:projectile_protection": {
                  "min": 3,
                  "max": 7
                },
                "minecraft:blast_protection": {
                  "min": 3,
                  "max": 7
                },
                "minecraft:fire_protection": {
                  "min": 3,
                  "max": 7
                },
                "minecraft:feather_falling": {
                  "min": 3,
                  "max": 7
                },
                "minecraft:depth_strider": {
                  "min": 1,
                  "max": 3
                },
                "minecraft:soul_speed": {
                  "min": {
                    "type": "minecraft:constant",
                    "value": 1
                  },
                  "max": {
                    "type": "minecraft:constant",
                    "value": 3
                  }
                }
              }
            }
          ]
        },
        {
          "type": "minecraft:item",
          "name": "minecraft:leather_boots",
          "functions": [
            {
              "function": "minecraft:set_nbt",
              "tag": "{display:{Name:'{\"text\":\"Jungle Shoes\",\"color\":\"gold\",\"italic\":false}',Lore:['{\"text\":\" \"}','{\"text\":\"Ability:\",\"color\":\"green\",\"italic\":false}','{\"text\":\"When worn the user gains\",\"color\":\"gray\",\"italic\":false}','{\"text\":\"permanent Strength II in jungles. \",\"color\":\"gray\",\"italic\":false}'],color:6553364},HideFlags:64,RepairCost:99999,Unbreakable:1b,armor:jungle_shoes,mt:armor}"
            },
            {
              "function": "minecraft:set_attributes",
              "modifiers": [
                {
                  "attribute": "minecraft:generic.armor",
                  "name": "minecraft:generic.armor",
                  "amount": 4.5,
                  "operation": "addition",
                  "slot": "feet"
                },
                {
                  "attribute": "minecraft:generic.armor_toughness",
                  "name": "minecraft:generic.armor_toughness",
                  "amount": 4,
                  "operation": "addition",
                  "slot": "feet"
                },
                {
                  "attribute": "minecraft:generic.movement_speed",
                  "name": "minecraft:generic.movement_speed",
                  "amount": 0.3,
                  "operation": "multiply_base",
                  "slot": "feet"
                }
              ]
            },
            {
              "function": "minecraft:set_enchantments",
              "enchantments": {
                "minecraft:protection": {
                  "min": 3,
                  "max": 7
                },
                "minecraft:projectile_protection": {
                  "min": 3,
                  "max": 7
                },
                "minecraft:blast_protection": {
                  "min": 3,
                  "max": 7
                },
                "minecraft:fire_protection": {
                  "min": 3,
                  "max": 7
                },
                "minecraft:feather_falling": {
                  "min": 3,
                  "max": 7
                },
                "minecraft:depth_strider": {
                  "min": 1,
                  "max": 3
                },
                "minecraft:soul_speed": {
                  "min": {
                    "type": "minecraft:constant",
                    "value": 1
                  },
                  "max": {
                    "type": "minecraft:constant",
                    "value": 3
                  }
                }
              }
            }
          ]
        },
        {
          "type": "minecraft:item",
          "name": "minecraft:leather_boots",
          "functions": [
            {
              "function": "minecraft:set_nbt",
              "tag": "{display:{Name:'{\"text\":\"Jungle Shoes\",\"color\":\"gold\",\"italic\":false}',Lore:['{\"text\":\" \"}','{\"text\":\"Ability:\",\"color\":\"green\",\"italic\":false}','{\"text\":\"When worn the user gains\",\"color\":\"gray\",\"italic\":false}','{\"text\":\"permanent Strength II in jungles. \",\"color\":\"gray\",\"italic\":false}'],color:6553364},HideFlags:64,RepairCost:99999,Unbreakable:1b,armor:jungle_shoes,mt:armor}"
            },
            {
              "function": "minecraft:set_attributes",
              "modifiers": [
                {
                  "attribute": "minecraft:generic.armor",
                  "name": "minecraft:generic.armor",
                  "amount": 4.5,
                  "operation": "addition",
                  "slot": "feet"
                },
                {
                  "attribute": "minecraft:generic.armor_toughness",
                  "name": "minecraft:generic.armor_toughness",
                  "amount": 3,
                  "operation": "addition",
                  "slot": "feet"
                },
                {
                  "attribute": "minecraft:generic.movement_speed",
                  "name": "minecraft:generic.movement_speed",
                  "amount": 0.3,
                  "operation": "multiply_base",
                  "slot": "feet"
                }
              ]
            },
            {
              "function": "minecraft:set_enchantments",
              "enchantments": {
                "minecraft:protection": {
                  "min": 3,
                  "max": 7
                },
                "minecraft:projectile_protection": {
                  "min": 3,
                  "max": 7
                },
                "minecraft:blast_protection": {
                  "min": 3,
                  "max": 7
                },
                "minecraft:fire_protection": {
                  "min": 3,
                  "max": 7
                },
                "minecraft:feather_falling": {
                  "min": 3,
                  "max": 7
                },
                "minecraft:depth_strider": {
                  "min": 1,
                  "max": 3
                },
                "minecraft:soul_speed": {
                  "min": {
                    "type": "minecraft:constant",
                    "value": 1
                  },
                  "max": {
                    "type": "minecraft:constant",
                    "value": 3
                  }
                }
              }
            }
          ]
        },
        {
          "type": "minecraft:item",
          "name": "minecraft:leather_boots",
          "functions": [
            {
              "function": "minecraft:set_nbt",
              "tag": "{display:{Name:'{\"text\":\"Jungle Shoes\",\"color\":\"gold\",\"italic\":false}',Lore:['{\"text\":\" \"}','{\"text\":\"Ability:\",\"color\":\"green\",\"italic\":false}','{\"text\":\"When worn the user gains\",\"color\":\"gray\",\"italic\":false}','{\"text\":\"permanent Strength II in jungles. \",\"color\":\"gray\",\"italic\":false}'],color:6553364},HideFlags:64,RepairCost:99999,Unbreakable:1b,armor:jungle_shoes,mt:armor}"
            },
            {
              "function": "minecraft:set_attributes",
              "modifiers": [
                {
                  "attribute": "minecraft:generic.armor",
                  "name": "minecraft:generic.armor",
                  "amount": 3.5,
                  "operation": "addition",
                  "slot": "feet"
                },
                {
                  "attribute": "minecraft:generic.armor_toughness",
                  "name": "minecraft:generic.armor_toughness",
                  "amount": 4,
                  "operation": "addition",
                  "slot": "feet"
                },
                {
                  "attribute": "minecraft:generic.movement_speed",
                  "name": "minecraft:generic.movement_speed",
                  "amount": 0.3,
                  "operation": "multiply_base",
                  "slot": "feet"
                }
              ]
            },
            {
              "function": "minecraft:set_enchantments",
              "enchantments": {
                "minecraft:protection": {
                  "min": 3,
                  "max": 7
                },
                "minecraft:projectile_protection": {
                  "min": 3,
                  "max": 7
                },
                "minecraft:blast_protection": {
                  "min": 3,
                  "max": 7
                },
                "minecraft:fire_protection": {
                  "min": 3,
                  "max": 7
                },
                "minecraft:feather_falling": {
                  "min": 3,
                  "max": 7
                },
                "minecraft:depth_strider": {
                  "min": 1,
                  "max": 3
                },
                "minecraft:soul_speed": {
                  "min": {
                    "type": "minecraft:constant",
                    "value": 1
                  },
                  "max": {
                    "type": "minecraft:constant",
                    "value": 3
                  }
                }
              }
            }
          ]
        },
        {
          "type": "minecraft:item",
          "name": "minecraft:leather_boots",
          "functions": [
            {
              "function": "minecraft:set_nbt",
              "tag": "{display:{Name:'{\"text\":\"Jungle Shoes\",\"color\":\"gold\",\"italic\":false}',Lore:['{\"text\":\" \"}','{\"text\":\"Ability:\",\"color\":\"green\",\"italic\":false}','{\"text\":\"When worn the user gains\",\"color\":\"gray\",\"italic\":false}','{\"text\":\"permanent Strength II in jungles. \",\"color\":\"gray\",\"italic\":false}'],color:6553364},HideFlags:64,RepairCost:99999,Unbreakable:1b,armor:jungle_shoes,mt:armor}"
            },
            {
              "function": "minecraft:set_attributes",
              "modifiers": [
                {
                  "attribute": "minecraft:generic.armor",
                  "name": "minecraft:generic.armor",
                  "amount": 3,
                  "operation": "addition",
                  "slot": "feet"
                },
                {
                  "attribute": "minecraft:generic.armor_toughness",
                  "name": "minecraft:generic.armor_toughness",
                  "amount": 3.5,
                  "operation": "addition",
                  "slot": "feet"
                },
                {
                  "attribute": "minecraft:generic.movement_speed",
                  "name": "minecraft:generic.movement_speed",
                  "amount": 0.3,
                  "operation": "multiply_base",
                  "slot": "feet"
                }
              ]
            },
            {
              "function": "minecraft:set_enchantments",
              "enchantments": {
                "minecraft:protection": {
                  "min": 3,
                  "max": 7
                },
                "minecraft:projectile_protection": {
                  "min": 3,
                  "max": 7
                },
                "minecraft:blast_protection": {
                  "min": 3,
                  "max": 7
                },
                "minecraft:fire_protection": {
                  "min": 3,
                  "max": 7
                },
                "minecraft:feather_falling": {
                  "min": 3,
                  "max": 7
                },
                "minecraft:depth_strider": {
                  "min": 1,
                  "max": 3
                },
                "minecraft:soul_speed": {
                  "min": {
                    "type": "minecraft:constant",
                    "value": 1
                  },
                  "max": {
                    "type": "minecraft:constant",
                    "value": 3
                  }
                }
              }
            }
          ]
        },
        {
          "type": "minecraft:item",
          "name": "minecraft:leather_boots",
          "functions": [
            {
              "function": "minecraft:set_nbt",
              "tag": "{display:{Name:'{\"text\":\"Jungle Shoes\",\"color\":\"gold\",\"italic\":false}',Lore:['{\"text\":\" \"}','{\"text\":\"Ability:\",\"color\":\"green\",\"italic\":false}','{\"text\":\"When worn the user gains\",\"color\":\"gray\",\"italic\":false}','{\"text\":\"permanent Strength II in jungles. \",\"color\":\"gray\",\"italic\":false}'],color:6553364},HideFlags:64,RepairCost:99999,Unbreakable:1b,armor:jungle_shoes,mt:armor}"
            },
            {
              "function": "minecraft:set_attributes",
              "modifiers": [
                {
                  "attribute": "minecraft:generic.armor",
                  "name": "minecraft:generic.armor",
                  "amount": 3,
                  "operation": "addition",
                  "slot": "feet"
                },
                {
                  "attribute": "minecraft:generic.armor_toughness",
                  "name": "minecraft:generic.armor_toughness",
                  "amount": 4,
                  "operation": "addition",
                  "slot": "feet"
                },
                {
                  "attribute": "minecraft:generic.movement_speed",
                  "name": "minecraft:generic.movement_speed",
                  "amount": 0.3,
                  "operation": "multiply_base",
                  "slot": "feet"
                }
              ]
            },
            {
              "function": "minecraft:set_enchantments",
              "enchantments": {
                "minecraft:protection": {
                  "min": 3,
                  "max": 7
                },
                "minecraft:projectile_protection": {
                  "min": 3,
                  "max": 7
                },
                "minecraft:blast_protection": {
                  "min": 3,
                  "max": 7
                },
                "minecraft:fire_protection": {
                  "min": 3,
                  "max": 7
                },
                "minecraft:feather_falling": {
                  "min": 3,
                  "max": 7
                },
                "minecraft:depth_strider": {
                  "min": 1,
                  "max": 3
                },
                "minecraft:soul_speed": {
                  "min": {
                    "type": "minecraft:constant",
                    "value": 1
                  },
                  "max": {
                    "type": "minecraft:constant",
                    "value": 3
                  }
                }
              }
            }
          ]
        },
        {
          "type": "minecraft:item",
          "name": "minecraft:leather_boots",
          "functions": [
            {
              "function": "minecraft:set_nbt",
              "tag": "{display:{Name:'{\"text\":\"Jungle Shoes\",\"color\":\"gold\",\"italic\":false}',Lore:['{\"text\":\" \"}','{\"text\":\"Ability:\",\"color\":\"green\",\"italic\":false}','{\"text\":\"When worn the user gains\",\"color\":\"gray\",\"italic\":false}','{\"text\":\"permanent Strength II in jungles. \",\"color\":\"gray\",\"italic\":false}'],color:6553364},HideFlags:64,RepairCost:99999,Unbreakable:1b,armor:jungle_shoes,mt:armor}"
            },
            {
              "function": "minecraft:set_attributes",
              "modifiers": [
                {
                  "attribute": "minecraft:generic.armor",
                  "name": "minecraft:generic.armor",
                  "amount": 3,
                  "operation": "addition",
                  "slot": "feet"
                },
                {
                  "attribute": "minecraft:generic.armor_toughness",
                  "name": "minecraft:generic.armor_toughness",
                  "amount": 4.5,
                  "operation": "addition",
                  "slot": "feet"
                },
                {
                  "attribute": "minecraft:generic.movement_speed",
                  "name": "minecraft:generic.movement_speed",
                  "amount": 0.3,
                  "operation": "multiply_base",
                  "slot": "feet"
                }
              ]
            },
            {
              "function": "minecraft:set_enchantments",
              "enchantments": {
                "minecraft:protection": {
                  "min": 3,
                  "max": 7
                },
                "minecraft:projectile_protection": {
                  "min": 3,
                  "max": 7
                },
                "minecraft:blast_protection": {
                  "min": 3,
                  "max": 7
                },
                "minecraft:fire_protection": {
                  "min": 3,
                  "max": 7
                },
                "minecraft:feather_falling": {
                  "min": 3,
                  "max": 7
                },
                "minecraft:depth_strider": {
                  "min": 1,
                  "max": 3
                },
                "minecraft:soul_speed": {
                  "min": {
                    "type": "minecraft:constant",
                    "value": 1
                  },
                  "max": {
                    "type": "minecraft:constant",
                    "value": 3
                  }
                }
              }
            }
          ]
        },
        {
          "type": "minecraft:item",
          "name": "minecraft:leather_boots",
          "functions": [
            {
              "function": "minecraft:set_nbt",
              "tag": "{display:{Name:'{\"text\":\"Jungle Shoes\",\"color\":\"gold\",\"italic\":false}',Lore:['{\"text\":\" \"}','{\"text\":\"Ability:\",\"color\":\"green\",\"italic\":false}','{\"text\":\"When worn the user gains\",\"color\":\"gray\",\"italic\":false}','{\"text\":\"permanent Strength II in jungles. \",\"color\":\"gray\",\"italic\":false}'],color:6553364},HideFlags:64,RepairCost:99999,Unbreakable:1b,armor:jungle_shoes,mt:armor}"
            },
            {
              "function": "minecraft:set_attributes",
              "modifiers": [
                {
                  "attribute": "minecraft:generic.armor",
                  "name": "minecraft:generic.armor",
                  "amount": 3,
                  "operation": "addition",
                  "slot": "feet"
                },
                {
                  "attribute": "minecraft:generic.armor_toughness",
                  "name": "minecraft:generic.armor_toughness",
                  "amount": 5,
                  "operation": "addition",
                  "slot": "feet"
                }
              ]
            },
            {
              "function": "minecraft:set_enchantments",
              "enchantments": {
                "minecraft:protection": {
                  "min": 3,
                  "max": 7
                },
                "minecraft:projectile_protection": {
                  "min": 3,
                  "max": 7
                },
                "minecraft:blast_protection": {
                  "min": 3,
                  "max": 7
                },
                "minecraft:fire_protection": {
                  "min": 3,
                  "max": 7
                },
                "minecraft:feather_falling": {
                  "min": 3,
                  "max": 7
                },
                "minecraft:depth_strider": {
                  "min": 1,
                  "max": 3
                },
                "minecraft:soul_speed": {
                  "min": {
                    "type": "minecraft:constant",
                    "value": 1
                  },
                  "max": {
                    "type": "minecraft:constant",
                    "value": 3
                  }
                }
              }
            }
          ]
        },
        {
          "type": "minecraft:item",
          "name": "minecraft:leather_boots",
          "functions": [
            {
              "function": "minecraft:set_nbt",
              "tag": "{display:{Name:'{\"text\":\"Jungle Shoes\",\"color\":\"gold\",\"italic\":false}',Lore:['{\"text\":\" \"}','{\"text\":\"Ability:\",\"color\":\"green\",\"italic\":false}','{\"text\":\"When worn the user gains\",\"color\":\"gray\",\"italic\":false}','{\"text\":\"permanent Strength II in jungles. \",\"color\":\"gray\",\"italic\":false}'],color:6553364},HideFlags:64,RepairCost:99999,Unbreakable:1b,armor:jungle_shoes,mt:armor}"
            },
            {
              "function": "minecraft:set_attributes",
              "modifiers": [
                {
                  "attribute": "minecraft:generic.armor",
                  "name": "minecraft:generic.armor",
                  "amount": 3.5,
                  "operation": "addition",
                  "slot": "feet"
                },
                {
                  "attribute": "minecraft:generic.armor_toughness",
                  "name": "minecraft:generic.armor_toughness",
                  "amount": 3,
                  "operation": "addition",
                  "slot": "feet"
                },
                {
                  "attribute": "minecraft:generic.movement_speed",
                  "name": "minecraft:generic.movement_speed",
                  "amount": 0.3,
                  "operation": "multiply_base",
                  "slot": "feet"
                }
              ]
            },
            {
              "function": "minecraft:set_enchantments",
              "enchantments": {
                "minecraft:protection": {
                  "min": 3,
                  "max": 7
                },
                "minecraft:projectile_protection": {
                  "min": 3,
                  "max": 7
                },
                "minecraft:blast_protection": {
                  "min": 3,
                  "max": 7
                },
                "minecraft:fire_protection": {
                  "min": 3,
                  "max": 7
                },
                "minecraft:feather_falling": {
                  "min": 3,
                  "max": 7
                },
                "minecraft:depth_strider": {
                  "min": 1,
                  "max": 3
                },
                "minecraft:soul_speed": {
                  "min": {
                    "type": "minecraft:constant",
                    "value": 1
                  },
                  "max": {
                    "type": "minecraft:constant",
                    "value": 3
                  }
                }
              }
            }
          ]
        },
        {
          "type": "minecraft:item",
          "name": "minecraft:leather_boots",
          "functions": [
            {
              "function": "minecraft:set_nbt",
              "tag": "{display:{Name:'{\"text\":\"Jungle Shoes\",\"color\":\"gold\",\"italic\":false}',Lore:['{\"text\":\" \"}','{\"text\":\"Ability:\",\"color\":\"green\",\"italic\":false}','{\"text\":\"When worn the user gains\",\"color\":\"gray\",\"italic\":false}','{\"text\":\"permanent Strength II in jungles. \",\"color\":\"gray\",\"italic\":false}'],color:6553364},HideFlags:64,RepairCost:99999,Unbreakable:1b,armor:jungle_shoes,mt:armor}"
            },
            {
              "function": "minecraft:set_attributes",
              "modifiers": [
                {
                  "attribute": "minecraft:generic.armor",
                  "name": "minecraft:generic.armor",
                  "amount": 4,
                  "operation": "addition",
                  "slot": "feet"
                },
                {
                  "attribute": "minecraft:generic.armor_toughness",
                  "name": "minecraft:generic.armor_toughness",
                  "amount": 5,
                  "operation": "addition",
                  "slot": "feet"
                },
                {
                  "attribute": "minecraft:generic.movement_speed",
                  "name": "minecraft:generic.movement_speed",
                  "amount": 0.3,
                  "operation": "multiply_base",
                  "slot": "feet"
                }
              ]
            },
            {
              "function": "minecraft:set_enchantments",
              "enchantments": {
                "minecraft:protection": {
                  "min": 3,
                  "max": 7
                },
                "minecraft:projectile_protection": {
                  "min": 3,
                  "max": 7
                },
                "minecraft:blast_protection": {
                  "min": 3,
                  "max": 7
                },
                "minecraft:fire_protection": {
                  "min": 3,
                  "max": 7
                },
                "minecraft:feather_falling": {
                  "min": 3,
                  "max": 7
                },
                "minecraft:depth_strider": {
                  "min": 1,
                  "max": 3
                },
                "minecraft:soul_speed": {
                  "min": {
                    "type": "minecraft:constant",
                    "value": 1
                  },
                  "max": {
                    "type": "minecraft:constant",
                    "value": 3
                  }
                }
              }
            }
          ]
        },
        {
          "type": "minecraft:item",
          "name": "minecraft:leather_boots",
          "functions": [
            {
              "function": "minecraft:set_nbt",
              "tag": "{display:{Name:'{\"text\":\"Jungle Shoes\",\"color\":\"gold\",\"italic\":false}',Lore:['{\"text\":\" \"}','{\"text\":\"Ability:\",\"color\":\"green\",\"italic\":false}','{\"text\":\"When worn the user gains\",\"color\":\"gray\",\"italic\":false}','{\"text\":\"permanent Strength II in jungles. \",\"color\":\"gray\",\"italic\":false}'],color:6553364},HideFlags:64,RepairCost:99999,Unbreakable:1b,armor:jungle_shoes,mt:armor}"
            },
            {
              "function": "minecraft:set_attributes",
              "modifiers": [
                {
                  "attribute": "minecraft:generic.armor",
                  "name": "minecraft:generic.armor",
                  "amount": 5,
                  "operation": "addition",
                  "slot": "feet"
                },
                {
                  "attribute": "minecraft:generic.armor_toughness",
                  "name": "minecraft:generic.armor_toughness",
                  "amount": 5,
                  "operation": "addition",
                  "slot": "feet"
                },
                {
                  "attribute": "minecraft:generic.movement_speed",
                  "name": "minecraft:generic.movement_speed",
                  "amount": 0.3,
                  "operation": "multiply_base",
                  "slot": "feet"
                }
              ]
            },
            {
              "function": "minecraft:set_enchantments",
              "enchantments": {
                "minecraft:protection": {
                  "min": 3,
                  "max": 7
                },
                "minecraft:projectile_protection": {
                  "min": 3,
                  "max": 7
                },
                "minecraft:blast_protection": {
                  "min": 3,
                  "max": 7
                },
                "minecraft:fire_protection": {
                  "min": 3,
                  "max": 7
                },
                "minecraft:feather_falling": {
                  "min": 3,
                  "max": 7
                },
                "minecraft:depth_strider": {
                  "min": 1,
                  "max": 3
                },
                "minecraft:soul_speed": {
                  "min": {
                    "type": "minecraft:constant",
                    "value": 1
                  },
                  "max": {
                    "type": "minecraft:constant",
                    "value": 3
                  }
                }
              }
            }
          ]
        },
        {
          "type": "minecraft:item",
          "name": "minecraft:leather_boots",
          "functions": [
            {
              "function": "minecraft:set_nbt",
              "tag": "{display:{Name:'{\"text\":\"Jungle Shoes\",\"color\":\"gold\",\"italic\":false}',Lore:['{\"text\":\" \"}','{\"text\":\"Ability:\",\"color\":\"green\",\"italic\":false}','{\"text\":\"When worn the user gains\",\"color\":\"gray\",\"italic\":false}','{\"text\":\"permanent Strength II in jungles. \",\"color\":\"gray\",\"italic\":false}'],color:6553364},HideFlags:64,RepairCost:99999,Unbreakable:1b,armor:jungle_shoes,mt:armor}"
            },
            {
              "function": "minecraft:set_attributes",
              "modifiers": [
                {
                  "attribute": "minecraft:generic.armor",
                  "name": "minecraft:generic.armor",
                  "amount": 4,
                  "operation": "addition",
                  "slot": "feet"
                },
                {
                  "attribute": "minecraft:generic.armor_toughness",
                  "name": "minecraft:generic.armor_toughness",
                  "amount": 5,
                  "operation": "addition",
                  "slot": "feet"
                },
                {
                  "attribute": "minecraft:generic.movement_speed",
                  "name": "minecraft:generic.movement_speed",
                  "amount": 0.3,
                  "operation": "multiply_base",
                  "slot": "feet"
                }
              ]
            },
            {
              "function": "minecraft:set_enchantments",
              "enchantments": {
                "minecraft:protection": {
                  "min": 3,
                  "max": 7
                },
                "minecraft:projectile_protection": {
                  "min": 3,
                  "max": 7
                },
                "minecraft:blast_protection": {
                  "min": 3,
                  "max": 7
                },
                "minecraft:fire_protection": {
                  "min": 3,
                  "max": 7
                },
                "minecraft:feather_falling": {
                  "min": 3,
                  "max": 7
                },
                "minecraft:depth_strider": {
                  "min": 1,
                  "max": 3
                },
                "minecraft:soul_speed": {
                  "min": {
                    "type": "minecraft:constant",
                    "value": 1
                  },
                  "max": {
                    "type": "minecraft:constant",
                    "value": 3
                  }
                }
              }
            }
          ]
        },
        {
          "type": "minecraft:item",
          "name": "minecraft:leather_boots",
          "functions": [
            {
              "function": "minecraft:set_nbt",
              "tag": "{display:{Name:'{\"text\":\"Jungle Shoes\",\"color\":\"gold\",\"italic\":false}',Lore:['{\"text\":\" \"}','{\"text\":\"Ability:\",\"color\":\"green\",\"italic\":false}','{\"text\":\"When worn the user gains\",\"color\":\"gray\",\"italic\":false}','{\"text\":\"permanent Strength II in jungles. \",\"color\":\"gray\",\"italic\":false}'],color:6553364},HideFlags:64,RepairCost:99999,Unbreakable:1b,armor:jungle_shoes,mt:armor}"
            },
            {
              "function": "minecraft:set_attributes",
              "modifiers": [
                {
                  "attribute": "minecraft:generic.armor",
                  "name": "minecraft:generic.armor",
                  "amount": 4.5,
                  "operation": "addition",
                  "slot": "feet"
                },
                {
                  "attribute": "minecraft:generic.armor_toughness",
                  "name": "minecraft:generic.armor_toughness",
                  "amount": 5,
                  "operation": "addition",
                  "slot": "feet"
                },
                {
                  "attribute": "minecraft:generic.movement_speed",
                  "name": "minecraft:generic.movement_speed",
                  "amount": 0.3,
                  "operation": "multiply_base",
                  "slot": "feet"
                }
              ]
            },
            {
              "function": "minecraft:set_enchantments",
              "enchantments": {
                "minecraft:protection": {
                  "min": 3,
                  "max": 7
                },
                "minecraft:projectile_protection": {
                  "min": 3,
                  "max": 7
                },
                "minecraft:blast_protection": {
                  "min": 3,
                  "max": 7
                },
                "minecraft:fire_protection": {
                  "min": 3,
                  "max": 7
                },
                "minecraft:feather_falling": {
                  "min": 3,
                  "max": 7
                },
                "minecraft:depth_strider": {
                  "min": 1,
                  "max": 3
                },
                "minecraft:soul_speed": {
                  "min": {
                    "type": "minecraft:constant",
                    "value": 1
                  },
                  "max": {
                    "type": "minecraft:constant",
                    "value": 3
                  }
                }
              }
            }
          ]
        },
        {
          "type": "minecraft:item",
          "name": "minecraft:leather_boots",
          "functions": [
            {
              "function": "minecraft:set_nbt",
              "tag": "{display:{Name:'{\"text\":\"Jungle Shoes\",\"color\":\"gold\",\"italic\":false}',Lore:['{\"text\":\" \"}','{\"text\":\"Ability:\",\"color\":\"green\",\"italic\":false}','{\"text\":\"When worn the user gains\",\"color\":\"gray\",\"italic\":false}','{\"text\":\"permanent Strength II in jungles. \",\"color\":\"gray\",\"italic\":false}'],color:6553364},HideFlags:64,RepairCost:99999,Unbreakable:1b,armor:jungle_shoes,mt:armor}"
            },
            {
              "function": "minecraft:set_attributes",
              "modifiers": [
                {
                  "attribute": "minecraft:generic.armor",
                  "name": "minecraft:generic.armor",
                  "amount": 4.5,
                  "operation": "addition",
                  "slot": "feet"
                },
                {
                  "attribute": "minecraft:generic.armor_toughness",
                  "name": "minecraft:generic.armor_toughness",
                  "amount": 5,
                  "operation": "addition",
                  "slot": "feet"
                },
                {
                  "attribute": "minecraft:generic.movement_speed",
                  "name": "minecraft:generic.movement_speed",
                  "amount": 0.3,
                  "operation": "multiply_base",
                  "slot": "feet"
                }
              ]
            },
            {
              "function": "minecraft:set_enchantments",
              "enchantments": {
                "minecraft:protection": {
                  "min": 3,
                  "max": 7
                },
                "minecraft:projectile_protection": {
                  "min": 3,
                  "max": 7
                },
                "minecraft:blast_protection": {
                  "min": 3,
                  "max": 7
                },
                "minecraft:fire_protection": {
                  "min": 3,
                  "max": 7
                },
                "minecraft:feather_falling": {
                  "min": 3,
                  "max": 7
                },
                "minecraft:depth_strider": {
                  "min": 1,
                  "max": 3
                },
                "minecraft:soul_speed": {
                  "min": {
                    "type": "minecraft:constant",
                    "value": 1
                  },
                  "max": {
                    "type": "minecraft:constant",
                    "value": 3
                  }
                }
              }
            }
          ]
        },
        {
          "type": "minecraft:item",
          "name": "minecraft:leather_boots",
          "functions": [
            {
              "function": "minecraft:set_nbt",
              "tag": "{display:{Name:'{\"text\":\"Jungle Shoes\",\"color\":\"gold\",\"italic\":false}',Lore:['{\"text\":\" \"}','{\"text\":\"Ability:\",\"color\":\"green\",\"italic\":false}','{\"text\":\"When worn the user gains\",\"color\":\"gray\",\"italic\":false}','{\"text\":\"permanent Strength II in jungles. \",\"color\":\"gray\",\"italic\":false}'],color:6553364},HideFlags:64,RepairCost:99999,Unbreakable:1b,armor:jungle_shoes,mt:armor}"
            },
            {
              "function": "minecraft:set_attributes",
              "modifiers": [
                {
                  "attribute": "minecraft:generic.armor",
                  "name": "minecraft:generic.armor",
                  "amount": 4.5,
                  "operation": "addition",
                  "slot": "feet"
                },
                {
                  "attribute": "minecraft:generic.armor_toughness",
                  "name": "minecraft:generic.armor_toughness",
                  "amount": 5,
                  "operation": "addition",
                  "slot": "feet"
                },
                {
                  "attribute": "minecraft:generic.movement_speed",
                  "name": "minecraft:generic.movement_speed",
                  "amount": 0.3,
                  "operation": "multiply_base",
                  "slot": "feet"
                }
              ]
            },
            {
              "function": "minecraft:set_enchantments",
              "enchantments": {
                "minecraft:protection": {
                  "min": 3,
                  "max": 7
                },
                "minecraft:projectile_protection": {
                  "min": 3,
                  "max": 7
                },
                "minecraft:blast_protection": {
                  "min": 3,
                  "max": 7
                },
                "minecraft:fire_protection": {
                  "min": 3,
                  "max": 7
                },
                "minecraft:feather_falling": {
                  "min": 3,
                  "max": 7
                },
                "minecraft:depth_strider": {
                  "min": 1,
                  "max": 3
                },
                "minecraft:soul_speed": {
                  "min": {
                    "type": "minecraft:constant",
                    "value": 1
                  },
                  "max": {
                    "type": "minecraft:constant",
                    "value": 3
                  }
                }
              }
            }
          ]
        },
        {
          "type": "minecraft:item",
          "name": "minecraft:leather_boots",
          "functions": [
            {
              "function": "minecraft:set_nbt",
              "tag": "{display:{Name:'{\"text\":\"Jungle Shoes\",\"color\":\"gold\",\"italic\":false}',Lore:['{\"text\":\" \"}','{\"text\":\"Ability:\",\"color\":\"green\",\"italic\":false}','{\"text\":\"When worn the user gains\",\"color\":\"gray\",\"italic\":false}','{\"text\":\"permanent Strength II in jungles. \",\"color\":\"gray\",\"italic\":false}'],color:6553364},HideFlags:64,RepairCost:99999,Unbreakable:1b,armor:jungle_shoes,mt:armor}"
            },
            {
              "function": "minecraft:set_attributes",
              "modifiers": [
                {
                  "attribute": "minecraft:generic.armor",
                  "name": "minecraft:generic.armor",
                  "amount": 2.5,
                  "operation": "addition",
                  "slot": "feet"
                },
                {
                  "attribute": "minecraft:generic.armor_toughness",
                  "name": "minecraft:generic.armor_toughness",
                  "amount": 3,
                  "operation": "addition",
                  "slot": "feet"
                },
                {
                  "attribute": "minecraft:generic.movement_speed",
                  "name": "minecraft:generic.movement_speed",
                  "amount": 0.3,
                  "operation": "multiply_base",
                  "slot": "feet"
                }
              ]
            },
            {
              "function": "minecraft:set_enchantments",
              "enchantments": {
                "minecraft:protection": {
                  "min": 3,
                  "max": 7
                },
                "minecraft:projectile_protection": {
                  "min": 3,
                  "max": 7
                },
                "minecraft:blast_protection": {
                  "min": 3,
                  "max": 7
                },
                "minecraft:fire_protection": {
                  "min": 3,
                  "max": 7
                },
                "minecraft:feather_falling": {
                  "min": 3,
                  "max": 7
                },
                "minecraft:depth_strider": {
                  "min": 1,
                  "max": 3
                },
                "minecraft:soul_speed": {
                  "min": {
                    "type": "minecraft:constant",
                    "value": 1
                  },
                  "max": {
                    "type": "minecraft:constant",
                    "value": 3
                  }
                }
              }
            }
          ]
        },
        {
          "type": "minecraft:item",
          "name": "minecraft:leather_boots",
          "functions": [
            {
              "function": "minecraft:set_nbt",
              "tag": "{display:{Name:'{\"text\":\"Jungle Shoes\",\"color\":\"gold\",\"italic\":false}',Lore:['{\"text\":\" \"}','{\"text\":\"Ability:\",\"color\":\"green\",\"italic\":false}','{\"text\":\"When worn the user gains\",\"color\":\"gray\",\"italic\":false}','{\"text\":\"permanent Strength II in jungles. \",\"color\":\"gray\",\"italic\":false}'],color:6553364},HideFlags:64,RepairCost:99999,Unbreakable:1b,armor:jungle_shoes,mt:armor}"
            },
            {
              "function": "minecraft:set_attributes",
              "modifiers": [
                {
                  "attribute": "minecraft:generic.armor",
                  "name": "minecraft:generic.armor",
                  "amount": 2.5,
                  "operation": "addition",
                  "slot": "feet"
                },
                {
                  "attribute": "minecraft:generic.armor_toughness",
                  "name": "minecraft:generic.armor_toughness",
                  "amount": 3.5,
                  "operation": "addition",
                  "slot": "feet"
                },
                {
                  "attribute": "minecraft:generic.movement_speed",
                  "name": "minecraft:generic.movement_speed",
                  "amount": 0.3,
                  "operation": "multiply_base",
                  "slot": "feet"
                }
              ]
            },
            {
              "function": "minecraft:set_enchantments",
              "enchantments": {
                "minecraft:protection": {
                  "min": 3,
                  "max": 7
                },
                "minecraft:projectile_protection": {
                  "min": 3,
                  "max": 7
                },
                "minecraft:blast_protection": {
                  "min": 3,
                  "max": 7
                },
                "minecraft:fire_protection": {
                  "min": 3,
                  "max": 7
                },
                "minecraft:feather_falling": {
                  "min": 3,
                  "max": 7
                },
                "minecraft:depth_strider": {
                  "min": 1,
                  "max": 3
                },
                "minecraft:soul_speed": {
                  "min": {
                    "type": "minecraft:constant",
                    "value": 1
                  },
                  "max": {
                    "type": "minecraft:constant",
                    "value": 3
                  }
                }
              }
            }
          ]
        },
        {
          "type": "minecraft:item",
          "name": "minecraft:leather_boots",
          "functions": [
            {
              "function": "minecraft:set_nbt",
              "tag": "{display:{Name:'{\"text\":\"Jungle Shoes\",\"color\":\"gold\",\"italic\":false}',Lore:['{\"text\":\" \"}','{\"text\":\"Ability:\",\"color\":\"green\",\"italic\":false}','{\"text\":\"When worn the user gains\",\"color\":\"gray\",\"italic\":false}','{\"text\":\"permanent Strength II in jungles. \",\"color\":\"gray\",\"italic\":false}'],color:6553364},HideFlags:64,RepairCost:99999,Unbreakable:1b,armor:jungle_shoes,mt:armor}"
            },
            {
              "function": "minecraft:set_attributes",
              "modifiers": [
                {
                  "attribute": "minecraft:generic.armor",
                  "name": "minecraft:generic.armor",
                  "amount": 2.5,
                  "operation": "addition",
                  "slot": "feet"
                },
                {
                  "attribute": "minecraft:generic.armor_toughness",
                  "name": "minecraft:generic.armor_toughness",
                  "amount": 3.5,
                  "operation": "addition",
                  "slot": "feet"
                },
                {
                  "attribute": "minecraft:generic.movement_speed",
                  "name": "minecraft:generic.movement_speed",
                  "amount": 0.3,
                  "operation": "multiply_base",
                  "slot": "feet"
                }
              ]
            },
            {
              "function": "minecraft:set_enchantments",
              "enchantments": {
                "minecraft:protection": {
                  "min": 3,
                  "max": 7
                },
                "minecraft:projectile_protection": {
                  "min": 3,
                  "max": 7
                },
                "minecraft:blast_protection": {
                  "min": 3,
                  "max": 7
                },
                "minecraft:fire_protection": {
                  "min": 3,
                  "max": 7
                },
                "minecraft:feather_falling": {
                  "min": 3,
                  "max": 7
                },
                "minecraft:depth_strider": {
                  "min": 1,
                  "max": 3
                },
                "minecraft:soul_speed": {
                  "min": {
                    "type": "minecraft:constant",
                    "value": 1
                  },
                  "max": {
                    "type": "minecraft:constant",
                    "value": 3
                  }
                }
              }
            }
          ]
        },
        {
          "type": "minecraft:item",
          "name": "minecraft:leather_boots",
          "functions": [
            {
              "function": "minecraft:set_nbt",
              "tag": "{display:{Name:'{\"text\":\"Jungle Shoes\",\"color\":\"gold\",\"italic\":false}',Lore:['{\"text\":\" \"}','{\"text\":\"Ability:\",\"color\":\"green\",\"italic\":false}','{\"text\":\"When worn the user gains\",\"color\":\"gray\",\"italic\":false}','{\"text\":\"permanent Strength II in jungles. \",\"color\":\"gray\",\"italic\":false}'],color:6553364},HideFlags:64,RepairCost:99999,Unbreakable:1b,armor:jungle_shoes,mt:armor}"
            },
            {
              "function": "minecraft:set_attributes",
              "modifiers": [
                {
                  "attribute": "minecraft:generic.armor",
                  "name": "minecraft:generic.armor",
                  "amount": 2.5,
                  "operation": "addition",
                  "slot": "feet"
                },
                {
                  "attribute": "minecraft:generic.armor_toughness",
                  "name": "minecraft:generic.armor_toughness",
                  "amount": 4,
                  "operation": "addition",
                  "slot": "feet"
                },
                {
                  "attribute": "minecraft:generic.movement_speed",
                  "name": "minecraft:generic.movement_speed",
                  "amount": 0.3,
                  "operation": "multiply_base",
                  "slot": "feet"
                }
              ]
            },
            {
              "function": "minecraft:set_enchantments",
              "enchantments": {
                "minecraft:protection": {
                  "min": 3,
                  "max": 7
                },
                "minecraft:projectile_protection": {
                  "min": 3,
                  "max": 7
                },
                "minecraft:blast_protection": {
                  "min": 3,
                  "max": 7
                },
                "minecraft:fire_protection": {
                  "min": 3,
                  "max": 7
                },
                "minecraft:feather_falling": {
                  "min": 3,
                  "max": 7
                },
                "minecraft:depth_strider": {
                  "min": 1,
                  "max": 3
                },
                "minecraft:soul_speed": {
                  "min": {
                    "type": "minecraft:constant",
                    "value": 1
                  },
                  "max": {
                    "type": "minecraft:constant",
                    "value": 3
                  }
                }
              }
            }
          ]
        },
        {
          "type": "minecraft:item",
          "name": "minecraft:leather_boots",
          "functions": [
            {
              "function": "minecraft:set_nbt",
              "tag": "{display:{Name:'{\"text\":\"Jungle Shoes\",\"color\":\"gold\",\"italic\":false}',Lore:['{\"text\":\" \"}','{\"text\":\"Ability:\",\"color\":\"green\",\"italic\":false}','{\"text\":\"When worn the user gains\",\"color\":\"gray\",\"italic\":false}','{\"text\":\"permanent Strength II in jungles. \",\"color\":\"gray\",\"italic\":false}'],color:6553364},HideFlags:64,RepairCost:99999,Unbreakable:1b,armor:jungle_shoes,mt:armor}"
            },
            {
              "function": "minecraft:set_attributes",
              "modifiers": [
                {
                  "attribute": "minecraft:generic.armor",
                  "name": "minecraft:generic.armor",
                  "amount": 2.5,
                  "operation": "addition",
                  "slot": "feet"
                },
                {
                  "attribute": "minecraft:generic.armor_toughness",
                  "name": "minecraft:generic.armor_toughness",
                  "amount": 4.5,
                  "operation": "addition",
                  "slot": "feet"
                },
                {
                  "attribute": "minecraft:generic.movement_speed",
                  "name": "minecraft:generic.movement_speed",
                  "amount": 0.3,
                  "operation": "multiply_base",
                  "slot": "feet"
                }
              ]
            },
            {
              "function": "minecraft:set_enchantments",
              "enchantments": {
                "minecraft:protection": {
                  "min": 3,
                  "max": 7
                },
                "minecraft:projectile_protection": {
                  "min": 3,
                  "max": 7
                },
                "minecraft:blast_protection": {
                  "min": 3,
                  "max": 7
                },
                "minecraft:fire_protection": {
                  "min": 3,
                  "max": 7
                },
                "minecraft:feather_falling": {
                  "min": 3,
                  "max": 7
                },
                "minecraft:depth_strider": {
                  "min": 1,
                  "max": 3
                },
                "minecraft:soul_speed": {
                  "min": {
                    "type": "minecraft:constant",
                    "value": 1
                  },
                  "max": {
                    "type": "minecraft:constant",
                    "value": 3
                  }
                }
              }
            }
          ]
        },
        {
          "type": "minecraft:item",
          "name": "minecraft:leather_boots",
          "functions": [
            {
              "function": "minecraft:set_nbt",
              "tag": "{display:{Name:'{\"text\":\"Jungle Shoes\",\"color\":\"gold\",\"italic\":false}',Lore:['{\"text\":\" \"}','{\"text\":\"Ability:\",\"color\":\"green\",\"italic\":false}','{\"text\":\"When worn the user gains\",\"color\":\"gray\",\"italic\":false}','{\"text\":\"permanent Strength II in jungles. \",\"color\":\"gray\",\"italic\":false}'],color:6553364},HideFlags:64,RepairCost:99999,Unbreakable:1b,armor:jungle_shoes,mt:armor}"
            },
            {
              "function": "minecraft:set_attributes",
              "modifiers": [
                {
                  "attribute": "minecraft:generic.armor",
                  "name": "minecraft:generic.armor",
                  "amount": 2.5,
                  "operation": "addition",
                  "slot": "feet"
                },
                {
                  "attribute": "minecraft:generic.armor_toughness",
                  "name": "minecraft:generic.armor_toughness",
                  "amount": 5,
                  "operation": "addition",
                  "slot": "feet"
                },
                {
                  "attribute": "minecraft:generic.movement_speed",
                  "name": "minecraft:generic.movement_speed",
                  "amount": 0.3,
                  "operation": "multiply_base",
                  "slot": "feet"
                }
              ]
            },
            {
              "function": "minecraft:set_enchantments",
              "enchantments": {
                "minecraft:protection": {
                  "min": 1,
                  "max": 5
                },
                "minecraft:projectile_protection": {
                  "min": 2,
                  "max": 10
                },
                "minecraft:blast_protection": {
                  "min": 1,
                  "max": 4
                },
                "minecraft:frost_walker": {
                  "min": 1,
                  "max": 10
                },
                "minecraft:feather_falling": {
                  "min": 1,
                  "max": 5
                }
              }
            }
          ]
        }
      ]
    }
  ]
}
