{
  "type": "minecraft:chest",
  "pools": [
    {
      "rolls": 1,
      "entries": [
        {
          "type": "minecraft:item",
          "name": "minecraft:compass"
        }
      ]
    },
    {
      "rolls": {
        "type": "minecraft:uniform",
        "min": 2,
        "max": 3
      },
      "bonus_rolls": 0,
      "entries": [
        {
          "type": "minecraft:item",
          "weight": 10,
          "name": "minecraft:paper",
          "functions": [
            {
              "function": "minecraft:set_count",
              "count": {
                "type": "minecraft:uniform",
                "min": 1,
                "max": 4
              },
              "add": false
            }
          ]
        },
        {
          "type": "minecraft:item",
          "weight": 10,
          "name": "minecraft:carrot",
          "functions": [
            {
              "function": "minecraft:set_count",
              "count": {
                "type": "minecraft:uniform",
                "min": 1,
                "max": 4
              },
              "add": false
            }
          ]
        },
        {
          "type": "minecraft:item",
          "weight": 10,
          "name": "minecraft:saddle"
        },
        {
          "type": "minecraft:item",
          "weight": 20,
          "name": "minecraft:wheat",
          "functions": [
            {
              "function": "minecraft:set_count",
              "count": {
                "type": "minecraft:uniform",
                "min": 1,
                "max": 4
              },
              "add": false
            }
          ]
        },
        {
          "type": "minecraft:item",
          "weight": 10,
          "name": "minecraft:clock",
          "functions": [
            {
              "function": "minecraft:set_count",
              "count": 1
            }
          ]
        },
        {
          "type": "minecraft:item",
          "weight": 15,
          "name": "minecraft:map",
          "functions": [
            {
              "function": "minecraft:set_count",
              "count": {
                "type": "minecraft:uniform",
                "min": 1,
                "max": 2
              },
              "add": false
            }
          ]
        },
        {
          "type": "minecraft:item",
          "weight": 15,
          "name": "minecraft:torch",
          "functions": [
            {
              "function": "minecraft:set_count",
              "count": {
                "type": "minecraft:uniform",
                "min": 1,
                "max": 4
              },
              "add": false
            }
          ]
        },
        {
          "type": "minecraft:tag",
          "weight": 10,
          "name": "minecraft:boats",
          "expand": true,
          "functions": [
            {
              "function": "minecraft:set_count",
              "count": 1
            }
          ]
        },
        {
          "type": "minecraft:item",
          "weight": 10,
          "name": "minecraft:spyglass",
          "functions": [
            {
              "function": "minecraft:set_count",
              "count": 1
            }
          ]
        }
      ]
    },
    {
      "rolls": {
        "min": 1,
        "max": 2
      },
      "bonus_rolls": 0,
      "entries": [
        {
          "type": "minecraft:item",
          "weight": 10,
          "name": "minecraft:bone",
          "functions": [
            {
              "function": "minecraft:set_count",
              "count": {
                "type": "minecraft:uniform",
                "min": 1,
                "max": 8
              },
              "add": false
            }
          ]
        },
        {
          "type": "minecraft:item",
          "weight": 10,
          "name": "minecraft:gunpowder",
          "functions": [
            {
              "function": "minecraft:set_count",
              "count": {
                "type": "minecraft:uniform",
                "min": 1,
                "max": 8
              },
              "add": false
            }
          ]
        },
        {
          "type": "minecraft:item",
          "weight": 10,
          "name": "minecraft:rotten_flesh",
          "functions": [
            {
              "function": "minecraft:set_count",
              "count": {
                "type": "minecraft:uniform",
                "min": 1,
                "max": 8
              },
              "add": false
            }
          ]
        },
        {
          "type": "minecraft:item",
          "weight": 10,
          "name": "minecraft:string",
          "functions": [
            {
              "function": "minecraft:set_count",
              "count": {
                "type": "minecraft:uniform",
                "min": 1,
                "max": 8
              },
              "add": false
            }
          ]
        }
      ]
    }
  ]
}
