{
  "display": {
    "icon": {
      "item": "minecraft:bow"
    },
    "title": "Pack-A-Punch",
    "description": "Obtain a Bow From a Wind Epic Treasure",
    "frame": "task",
    "show_toast": true,
    "announce_to_chat": true,
    "hidden": false
  },
  "parent": "mt:treasure_advancements/first_epic_wind_treasure",
  "criteria": {
    "obtainchest": {
      "trigger": "minecraft:inventory_changed",
      "conditions": {
        "items": [
          {
            "items": [
              "minecraft:bow"
            ],
            "nbt": "{weapon:wbow}"
          }
        ]
      }
    }
  }
}
