{
  "display": {
    "icon": {
      "item": "minecraft:skeleton_skull"
    },
    "title": {
      "text": "Avast, ye matey!"
    },
    "description": {
      "text": "Board a Pirate Ship"
    },
    "frame": "task",
    "show_toast": true,
    "announce_to_chat": true,
    "hidden": false
  },
  "criteria": {
    "bastion": {
      "trigger": "minecraft:location",
      "conditions": {
        "player": [
          {
            "condition": "minecraft:entity_properties",
            "entity": "this",
            "predicate": {
              "location": {
                "structure": "ethrium:pirate_ship"
              }
            }
          }
        ]
      }
    }
  },
  "requirements": [
    [
      "bastion"
    ]
  ]
}
