{
  "display": {
    "icon": {
      "item": "minecraft:deepslate_bricks"
    },
    "title": {
      "text": "The Lonely Bastion"
    },
    "description": {
      "text": "Locate a Bastion Outpost"
    },
    "frame": "task",
    "show_toast": true,
    "announce_to_chat": true,
    "hidden": false
  },
  "criteria": {
    "bastion": {
      "trigger": "minecraft:location",
      "conditions": {
        "player": [
          {
            "condition": "minecraft:entity_properties",
            "entity": "this",
            "predicate": {
              "location": {
                "structure": "ethrium:bastion_outpost"
              }
            }
          }
        ]
      }
    }
  },
  "requirements": [
    [
      "bastion"
    ]
  ]
}
