{
  "display": {
    "icon": {
      "item": "minecraft:slime_ball"
    },
    "title": "Buckle Up Stinky!",
    "description": "Obtain The Swamp Chestplate",
    "frame": "challenge",
    "show_toast": true,
    "announce_to_chat": true,
    "hidden": true
  },
  "parent": "mt:treasure_advancements/first_legendary_swamp_treasure",
  "criteria": {
    "obtainchest": {
      "trigger": "minecraft:inventory_changed",
      "conditions": {
        "items": [
          {
            "items": [
              "minecraft:leather_chestplate"
            ],
            "nbt": "{armor:swamp_chestplate}"
          }
        ]
      }
    }
  }
}
