{
  "display": {
    "icon": {
      "item": "minecraft:brick"
    },
    "title": "Collision Course",
    "description": "Find the Dripstone Helmet",
    "frame": "challenge",
    "show_toast": true,
    "announce_to_chat": true,
    "hidden": true
  },
  "parent": "mt:treasure_advancements/first_legendary_dripstone_treasure",
  "criteria": {
    "obtainchest": {
      "trigger": "minecraft:inventory_changed",
      "conditions": {
        "items": [
          {
            "items": [
              "minecraft:leather_helmet"
            ],
            "nbt": "{armor:dripstone_helmet}"
          }
        ]
      }
    }
  }
}
