{
    "config": {
      "targets": [
        {
          "target": {
            "tag": "minecraft:stone_ore_replaceables",
            "predicate_type": "minecraft:tag_match"
          },
          "state": {
            "Name": "minecraft:raw_iron_block"
          }
        },
        {
          "target": {
            "tag": "minecraft:deepslate_ore_replaceables",
            "predicate_type": "minecraft:tag_match"
          },
          "state": {
            "Name": "minecraft:raw_iron_block"
          }
        }
      ],
      "size": 4,
      "discard_chance_on_air_exposure": 0.0
    },
    "type": "minecraft:ore"
  }