{
    "type": "minecraft:ore",
    "config": {
      "discard_chance_on_air_exposure": 0.0,
      "size": 4,
      "targets": [
        {
          "state": {
            "Name": "minecraft:raw_gold_block"
          },
          "target": {
            "predicate_type": "minecraft:tag_match",
            "tag": "minecraft:stone_ore_replaceables"
          }
        },
        {
          "state": {
            "Name": "minecraft:raw_gold_block"
          },
          "target": {
            "predicate_type": "minecraft:tag_match",
            "tag": "minecraft:deepslate_ore_replaceables"
          }
        }
      ]
    }
  }