{
  "pools": [
    {
      "rolls": {
        "min": {
          "type": "minecraft:score",
          "target": "this",
          "score": "mt.progression",
          "scale": 0.00002
        },
        "max": {
          "type": "minecraft:score",
          "target": "this",
          "score": "mt.progression",
          "scale": 0.000025
        }
      },
      "bonus_rolls": {
        "min": 1,
        "max": 6
      },
      "entries": [
        {
          "type": "minecraft:item",
          "weight": 3,
          "name": "minecraft:firework_rocket",
          "functions": [
            {
              "function": "minecraft:set_count",
              "count": {
                "min": 2,
                "max": 4
              }
            },
            {
              "function": "minecraft:set_nbt",
              "tag": "{display:{Name:'{\"text\":\"Ultimate Flight Rocket\",\"color\":\"gold\",\"italic\":false}'},Fireworks:{Flight:126b}}"
            },
            {
              "function": "minecraft:set_nbt",
              "tag": "{item:uflight}"
            },
            {
              "function": "minecraft:set_lore",
              "lore": [
                {
                  "text": "The greatest firework rocket for  ",
                  "color": "gray",
                  "italic": false
                },
                {
                  "text": "traveling, lasts for 1900 blocks. ",
                  "color": "gray",
                  "italic": false
                }
              ]
            }
          ]
        },
        {
          "type": "minecraft:item",
          "weight": 1,
          "name": "minecraft:ender_eye",
          "functions": [
            {
              "function": "minecraft:set_count",
              "count": {
                "min": 2,
                "max": 4
              }
            },
            {
              "function": "minecraft:set_name",
              "name": [
                {
                  "text": "Endruption",
                  "color": "gold",
                  "italic": false
                }
              ]
            },
            {
              "function": "minecraft:set_lore",
              "lore": [
                {
                  "text": "RUNE",
                  "color": "gold",
                  "bold": true,
                  "italic": false
                },
                {
                  "text": " ",
                  "color": "gray",
                  "italic": false
                },
                {
                  "text": "Ability:",
                  "color": "green",
                  "italic": false
                },
                {
                  "text": "When used the user takes no knockback ",
                  "color": "gray",
                  "italic": false
                },
                {
                  "text": "and has damage increased by 10% for ",
                  "color": "gray",
                  "italic": false
                },
                {
                  "text": "8 seconds. Ender Pearls are disabled ",
                  "color": "gray",
                  "italic": false
                },
                {
                  "text": "in a 8x8 area around the user. ",
                  "color": "gray",
                  "italic": false
                }
              ]
            },
            {
              "function": "minecraft:set_nbt",
              "tag": "{rune:mt.end,mt:rune,Enchantments:[{}]}"
            }
          ],
          "conditions": [
            {
              "condition": "minecraft:entity_scores",
              "entity": "this",
              "scores": {
                "mt.progression": {
                  "min": 500000
                }
              }
            }
          ]
        },
        {
          "type": "minecraft:loot_table",
          "weight": 1,
          "name": "mt:chests/end_treasure/end_boots",
          "conditions": [
            {
              "condition": "minecraft:random_chance",
              "chance": 0.5
            },
            {
              "condition": "minecraft:entity_scores",
              "entity": "this",
              "scores": {
                "mt.progression": {
                  "min": 500000
                }
              }
            }
          ]
        },
        {
          "type": "minecraft:item",
          "weight": 2,
          "name": "minecraft:netherite_ingot",
          "functions": [
            {
              "function": "minecraft:set_count",
              "count": {
                "min": 1,
                "max": 1
              }
            }
          ],
          "conditions": [
            {
              "condition": "minecraft:entity_scores",
              "entity": "this",
              "scores": {
                "mt.progression": {
                  "max": 499999
                }
              }
            }
          ]
        },
        {
          "type": "minecraft:item",
          "weight": 1,
          "name": "minecraft:chorus_fruit",
          "functions": [
            {
              "function": "minecraft:set_nbt",
              "tag": "{display:{Name:'{\"text\":\"Enchanted Chorus Fruit\",\"color\":\"light_purple\",\"italic\":false}'},food:enchanted_chorus_fruit,Enchantments:[{}]}"
            },
            {
              "function": "minecraft:set_count",
              "count": {
                "min": 1,
                "max": 2
              }
            }
          ]
        },
        {
          "type": "minecraft:item",
          "weight": 2,
          "name": "minecraft:shulker_box",
          "functions": [
            {
              "function": "minecraft:set_count",
              "count": 1
            },
            {
              "function": "minecraft:set_nbt",
              "tag": "{BlockEntityTag:{LootTable:\"mt:chests/end_treasure/shulker_shells\"}}"
            }
          ]
        },
        {
          "type": "minecraft:item",
          "weight": 1,
          "name": "minecraft:enchanted_golden_apple",
          "functions": [
            {
              "function": "minecraft:set_count",
              "count": {
                "min": 1,
                "max": 3
              }
            }
          ]
        },
        {
          "type": "minecraft:item",
          "weight": 3,
          "name": "minecraft:ender_chest",
          "functions": [
            {
              "function": "minecraft:set_count",
              "count": {
                "min": 1,
                "max": 2
              }
            }
          ]
        },
        {
          "type": "minecraft:item",
          "weight": 3,
          "name": "minecraft:goat_horn",
          "functions": [
            {
              "function": "minecraft:set_nbt",
              "tag": "{instrument:\"minecraft:call_goat_horn\",weapon:tp}"
            },
            {
              "function": "minecraft:set_name",
              "name": [
                {
                  "text": "Overworld Horn",
                  "color": "aqua",
                  "italic": false
                }
              ]
            },
            {
              "function": "minecraft:set_lore",
              "lore": [
                {
                  "text": "  "
                },
                {
                  "text": "Calls upon the realms of the overworld ",
                  "color": "gray",
                  "italic": false
                },
                {
                  "text": "teleporting you back to the overworld. ",
                  "color": "gray",
                  "italic": false
                },
                {
                  "text": "Use with caution. ",
                  "color": "gray",
                  "italic": false
                }
              ]
            }
          ],
          "conditions": [
            {
              "condition": "minecraft:entity_scores",
              "entity": "this",
              "scores": {
                "mt.progression": {
                  "max": 499999
                }
              }
            }
          ]
        },
        {
          "type": "minecraft:item",
          "weight": 1,
          "name": "minecraft:elytra",
          "functions": [
            {
              "function": "minecraft:set_count",
              "count": 1
            },
            {
              "function": "minecraft:set_attributes",
              "modifiers": [
                {
                  "attribute": "minecraft:generic.armor",
                  "name": "minecraft:generic.armor",
                  "amount": 8,
                  "operation": "addition",
                  "slot": "chest"
                },
                {
                  "attribute": "minecraft:generic.armor_toughness",
                  "name": "minecraft:generic.armor_toughness",
                  "amount": 3,
                  "operation": "addition",
                  "slot": "chest"
                }
              ]
            },
            {
              "function": "minecraft:set_nbt",
              "tag": "{display:{Name:'{\"text\":\"Indestructia\",\"color\":\"gold\",\"italic\":false}'},RepairCost:99999,Unbreakable:1b}"
            },
            {
              "function": "minecraft:set_nbt",
              "tag": "{armor:indestructia}"
            }
          ],
          "conditions": [
            {
              "condition": "minecraft:random_chance",
              "chance": 0.5
            },
            {
              "condition": "minecraft:entity_scores",
              "entity": "this",
              "scores": {
                "mt.progression": {
                  "min": 500000
                }
              }
            }
          ]
        }
      ]
    }
  ]
}
