{
  "name": "minecraft:village/plains/decor",
  "fallback": "villages_overhauled:village/plains/lamp_maybe",
  "elements": [
    {
      "weight": 1,
      "element": {
        "location": "minecraft:village/plains/plains_lamp_1",
        "processors": "minecraft:empty",
        "projection": "rigid",
        "element_type": "minecraft:legacy_single_pool_element"
      }
    },
    {
      "weight": 1,
      "element": {
        "location": "minecraft:village/plains/plains_lamp_2",
        "processors": "minecraft:empty",
        "projection": "rigid",
        "element_type": "minecraft:legacy_single_pool_element"
      }
    },
    {
      "weight": 1,
      "element": {
        "feature": "minecraft:oak",
        "projection": "rigid",
        "element_type": "minecraft:feature_pool_element"
      }
    },
    {
      "weight": 1,
      "element": {
        "feature": "minecraft:flower_plain",
        "projection": "rigid",
        "element_type": "minecraft:feature_pool_element"
      }
    },
    {
      "weight": 1,
      "element": {
        "feature": "minecraft:pile_hay",
        "projection": "rigid",
        "element_type": "minecraft:feature_pool_element"
      }
    }
  ]
}