{
    "name": "minecraft:village/plains/town_centers",
    "fallback": "minecraft:empty",
    "elements": [
      {
        "weight": 50,
        "element": {
          "location": "minecraft:village/plains/town_centers/plains_fountain_01",
          "processors": "minecraft:empty",
          "projection": "rigid",
          "element_type": "minecraft:legacy_single_pool_element"
        }
      },
      {
        "weight": 50,
        "element": {
          "location": "minecraft:village/plains/town_centers/plains_meeting_point_1",
          "processors": "minecraft:empty",
          "projection": "rigid",
          "element_type": "minecraft:single_pool_element"
        }
      },
      {
        "weight": 50,
        "element": {
          "location": "minecraft:village/plains/town_centers/plains_meeting_point_2",
          "processors": "minecraft:empty",
          "projection": "rigid",
          "element_type": "minecraft:legacy_single_pool_element"
        }
      },
      {
        "weight": 50,
        "element": {
          "location": "minecraft:village/plains/town_centers/plains_meeting_point_3",
          "processors": "minecraft:empty",
          "projection": "rigid",
          "element_type": "minecraft:legacy_single_pool_element"
        }
      },
      {
        "weight": 5,
        "element": {
          "location": "minecraft:village/plains/zombie/town_centers/plains_fountain_01",
          "processors": "minecraft:empty",
          "projection": "rigid",
          "element_type": "minecraft:legacy_single_pool_element"
        }
      },
      {
        "weight": 5,
        "element": {
          "location": "minecraft:village/plains/zombie/town_centers/plains_meeting_point_1",
          "processors": "minecraft:empty",
          "projection": "rigid",
          "element_type": "minecraft:single_pool_element"
        }
      },
      {
        "weight": 5,
        "element": {
          "location": "minecraft:village/plains/zombie/town_centers/plains_meeting_point_2",
          "processors": "minecraft:empty",
          "projection": "rigid",
          "element_type": "minecraft:legacy_single_pool_element"
        }
      },
      {
        "weight": 5,
        "element": {
          "location": "minecraft:village/plains/zombie/town_centers/plains_meeting_point_3",
          "processors": "minecraft:empty",
          "projection": "rigid",
          "element_type": "minecraft:legacy_single_pool_element"
        }
      }
    ]
  } 