{
  "type": "minecraft:archaeology",
  "pools": [
    {
      "rolls": 1,
      "entries": [
        {
          "type": "minecraft:item",
          "weight": 3,
          "name": "minecraft:bone"
        },
        {
          "type": "minecraft:item",
          "weight": 2,
          "name": "minecraft:bone_meal"
        },
        {
          "type": "minecraft:item",
          "weight": 1,
          "name": "minecraft:flint"
        },
        {
          "type": "minecraft:item",
          "weight": 1,
          "name": "minecraft:iron_ingot"
        },
        {
          "type": "minecraft:item",
          "weight": 1,
          "name": "minecraft:skull_pottery_sherd"
        },
        {
          "type": "minecraft:item",
          "weight": 1,
          "name": "minecraft:skeleton_skull"
        },
        {
          "type": "minecraft:item",
          "weight": 1,
          "name": "minecraft:mourner_pottery_sherd"
        },
        {
          "type": "minecraft:item",
          "weight": 1,
          "name": "minecraft:blade_pottery_sherd"
        },
        {
          "type": "minecraft:item",
          "weight": 2,
          "name": "minecraft:coal"
        },
        {
          "type": "minecraft:item",
          "weight": 1,
          "name": "minecraft:soul_sand"
        },
        {
          "type": "minecraft:item",
          "weight": 1,
          "name": "minecraft:sentry_armor_trim_smithing_template"
        }
      ]
    }
  ],
  "random_sequence": "minecraft:archaeology/trail_ruins_common"
}
