{
  "name": "minecraft:village/desert/zombie/streets",
  "fallback": "minecraft:village/desert/terminators",
  "elements": [
    {
      "weight": 4,
      "element": {
        "location": "minecraft:village/desert/zombie/streets/corner_01",
        "processors": "minecraft:empty",
        "projection": "terrain_matching",
        "element_type": "minecraft:legacy_single_pool_element"
      }
    },
    {
      "weight": 5,
      "element": {
        "location": "minecraft:village/desert/zombie/streets/straight_01",
        "processors": "minecraft:empty",
        "projection": "terrain_matching",
        "element_type": "minecraft:legacy_single_pool_element"
      }
    },
    {
      "weight": 5,
      "element": {
        "location": "minecraft:village/desert/zombie/streets/crossroad_01",
        "processors": "minecraft:empty",
        "projection": "terrain_matching",
        "element_type": "minecraft:legacy_single_pool_element"
      }
    },
    {
      "weight": 5,
      "element": {
        "location": "minecraft:village/desert/zombie/streets/tee_01",
        "processors": "minecraft:empty",
        "projection": "terrain_matching",
        "element_type": "minecraft:legacy_single_pool_element"
      }
    },
    {
      "weight": 1,
      "element": {
        "location": "minecraft:village/desert/zombie/streets/square_01",
        "processors": "minecraft:empty",
        "projection": "rigid",
        "element_type": "minecraft:legacy_single_pool_element"
      }
    }
  ]
}