{
	"name": "nova_structures:undead_crypt",
	"fallback": "nova_structures:undead_crypt_lock",
	"elements": [
		{
			"weight": 5,
			"element": {
				"element_type": "minecraft:single_pool_element",
				"location": "nova_structures:undead_crypt/undead_crypt_stairs",
				"projection": "rigid",
				"processors": "nova_structures:undead_crypt_degradation"
			}
		},
		{
			"weight": 5,
			"element": {
				"element_type": "minecraft:single_pool_element",
				"location": "nova_structures:undead_crypt/undead_crypt_stairs_t",
				"projection": "rigid",
				"processors": "nova_structures:undead_crypt_degradation"
			}
		},
		{
			"weight": 8,
			"element": {
				"element_type": "minecraft:single_pool_element",
				"location": "nova_structures:undead_crypt/undead_crypt_stairs_high",
				"projection": "rigid",
				"processors": "nova_structures:undead_crypt_degradation"
			}
		},
		{
			"weight": 5,
			"element": {
				"element_type": "minecraft:single_pool_element",
				"location": "nova_structures:undead_crypt/undead_crypt_room_1",
				"projection": "rigid",
				"processors": "nova_structures:undead_crypt_degradation"
			}
		},
		{
			"weight": 5,
			"element": {
				"element_type": "minecraft:single_pool_element",
				"location": "nova_structures:undead_crypt/undead_crypt_room_2",
				"projection": "rigid",
				"processors": "nova_structures:undead_crypt_degradation"
			}
		},
		{
			"weight": 5,
			"element": {
				"element_type": "minecraft:single_pool_element",
				"location": "nova_structures:undead_crypt/undead_crypt_room_3",
				"projection": "rigid",
				"processors": "nova_structures:undead_crypt_degradation"
			}
		},
		{
			"weight": 5,
			"element": {
				"element_type": "minecraft:single_pool_element",
				"location": "nova_structures:undead_crypt/undead_crypt_room_4",
				"projection": "rigid",
				"processors": "nova_structures:undead_crypt_degradation"
			}
		},
		{
			"weight": 5,
			"element": {
				"element_type": "minecraft:single_pool_element",
				"location": "nova_structures:undead_crypt/undead_crypt_room_5",
				"projection": "rigid",
				"processors": "nova_structures:undead_crypt_degradation"
			}
		},
		{
			"weight": 5,
			"element": {
				"element_type": "minecraft:single_pool_element",
				"location": "nova_structures:undead_crypt/undead_crypt_room_6",
				"projection": "rigid",
				"processors": "nova_structures:undead_crypt_degradation"
			}
		},
		{
			"weight": 5,
			"element": {
				"element_type": "minecraft:single_pool_element",
				"location": "nova_structures:undead_crypt/undead_crypt_room_cross",
				"projection": "rigid",
				"processors": "nova_structures:undead_crypt_degradation"
			}
		},
		{
			"weight": 5,
			"element": {
				"element_type": "minecraft:single_pool_element",
				"location": "nova_structures:undead_crypt/undead_crypt_room_l_1",
				"projection": "rigid",
				"processors": "nova_structures:undead_crypt_degradation"
			}
		},
		{
			"weight": 5,
			"element": {
				"element_type": "minecraft:single_pool_element",
				"location": "nova_structures:undead_crypt/undead_crypt_room_l_2",
				"projection": "rigid",
				"processors": "nova_structures:undead_crypt_degradation"
			}
		},
		{
			"weight": 5,
			"element": {
				"element_type": "minecraft:single_pool_element",
				"location": "nova_structures:undead_crypt/undead_crypt_room_r",
				"projection": "rigid",
				"processors": "nova_structures:undead_crypt_degradation"
			}
		},
		{
			"weight": 5,
			"element": {
				"element_type": "minecraft:single_pool_element",
				"location": "nova_structures:undead_crypt/undead_crypt_room_statue_room",
				"projection": "rigid",
				"processors": "nova_structures:undead_crypt_degradation"
			}
		},
		{
			"weight": 5,
			"element": {
				"element_type": "minecraft:single_pool_element",
				"location": "nova_structures:undead_crypt/undead_crypt_room_t",
				"projection": "rigid",
				"processors": "nova_structures:undead_crypt_degradation"
			}
		}
	]
}
