{
  "pools": [
    {
      "rolls": {
        "min": {
          "type": "minecraft:score",
          "target": "this",
          "score": "mt.progression",
          "scale": 0.00002
        },
        "max": {
          "type": "minecraft:score",
          "target": "this",
          "score": "mt.progression",
          "scale": 0.000025
        }
      },
      "bonus_rolls": {
        "min": 1,
        "max": 6
      },
      "entries": [
        {
          "type": "minecraft:item",
          "weight": 1,
          "name": "minecraft:enchanted_golden_apple",
          "functions": [
            {
              "function": "minecraft:set_count",
              "count": {
                "min": 1,
                "max": 3
              }
            }
          ]
        },
        {
          "type": "minecraft:item",
          "weight": 2,
          "name": "minecraft:light_gray_shulker_box",
          "functions": [
            {
              "function": "minecraft:set_loot_table",
              "type": "minecraft:shulker_box",
              "name": "mt:chests/mushroom_treasure/rare"
            },
            {
              "function": "minecraft:set_count",
              "count": {
                "min": 1,
                "max": 2
              }
            }
          ]
        },
        {
          "type": "minecraft:loot_table",
          "weight": 1,
          "name": "mt:chests/mushroom_treasure/mushroom_boots",
          "conditions": [
            {
              "condition": "minecraft:random_chance",
              "chance": 0.5
            },
            {
              "condition": "minecraft:entity_scores",
              "entity": "this",
              "scores": {
                "mt.progression": {
                  "min": 500000
                }
              }
            }
          ]
        },
        {
          "type": "minecraft:loot_table",
          "weight": 1,
          "name": "mt:chests/mushroom_treasure/mushroom_shield",
          "conditions": [
            {
              "condition": "minecraft:random_chance",
              "chance": 0.5
            },
            {
              "condition": "minecraft:entity_scores",
              "entity": "this",
              "scores": {
                "mt.progression": {
                  "min": 500000
                }
              }
            }
          ]
        },
        {
          "type": "minecraft:item",
          "weight": 1,
          "name": "minecraft:goat_horn",
          "functions": [
            {
              "function": "minecraft:set_nbt",
              "tag": "{instrument:\"minecraft:call_goat_horn\",weapon:lucky_cow}"
            },
            {
              "function": "minecraft:set_name",
              "name": [
                {
                  "text": "Lucky Cow Horn",
                  "color": "gold",
                  "italic": false
                }
              ]
            },
            {
              "function": "minecraft:set_lore",
              "lore": [
                {
                  "text": "  "
                },
                {
                  "text": "Calls the Lucky cow which one can ",
                  "color": "gray",
                  "italic": false
                },
                {
                  "text": "milk with bowls for stew of Luck ",
                  "color": "gray",
                  "italic": false
                },
                {
                  "text": "Luck gives better treasure loot. ",
                  "color": "gray",
                  "italic": false
                }
              ]
            }
          ],
          "conditions": [
            {
              "condition": "minecraft:entity_scores",
              "entity": "this",
              "scores": {
                "mt.progression": {
                  "min": 310000
                }
              }
            }
          ]
        },
        {
          "type": "minecraft:item",
          "weight": 2,
          "name": "minecraft:golden_apple",
          "functions": [
            {
              "function": "minecraft:set_count",
              "count": {
                "min": 2,
                "max": 4
              }
            }
          ],
          "conditions": [
            {
              "condition": "minecraft:entity_scores",
              "entity": "this",
              "scores": {
                "mt.progression": {
                  "max": 399999
                }
              }
            }
          ]
        },
        {
          "type": "minecraft:item",
          "weight": 3,
          "name": "minecraft:redstone_block",
          "functions": [
            {
              "function": "minecraft:set_count",
              "count": {
                "min": 4,
                "max": 8
              }
            }
          ],
          "conditions": [
            {
              "condition": "minecraft:entity_scores",
              "entity": "this",
              "scores": {
                "mt.progression": {
                  "max": 399999
                }
              }
            }
          ]
        },
        {
          "type": "minecraft:item",
          "weight": 3,
          "name": "minecraft:iron_block",
          "functions": [
            {
              "function": "minecraft:set_count",
              "count": {
                "min": 4,
                "max": 8
              }
            }
          ]
        },
        {
          "type": "minecraft:item",
          "name": "minecraft:warped_fungus_on_a_stick",
          "functions": [
            {
              "function": "minecraft:set_enchantments",
              "enchantments": {
                "minecraft:unbreaking": {
                  "min": 1,
                  "max": 10
                },
                "minecraft:mending": {
                  "min": 0,
                  "max": 1
                }
              }
            }
          ]
        },
        {
          "type": "minecraft:item",
          "weight": 3,
          "name": "minecraft:fermented_spider_eye",
          "functions": [
            {
              "function": "minecraft:set_count",
              "count": {
                "min": 4,
                "max": 8
              }
            }
          ],
          "conditions": [
            {
              "condition": "minecraft:entity_scores",
              "entity": "this",
              "scores": {
                "mt.progression": {
                  "max": 399999
                }
              }
            }
          ]
        },
        {
          "type": "minecraft:item",
          "weight": 3,
          "name": "minecraft:red_mushroom_block",
          "functions": [
            {
              "function": "minecraft:set_count",
              "count": {
                "min": 24,
                "max": 48
              }
            }
          ],
          "conditions": [
            {
              "condition": "minecraft:entity_scores",
              "entity": "this",
              "scores": {
                "mt.progression": {
                  "max": 399999
                }
              }
            }
          ]
        },
        {
          "type": "minecraft:item",
          "name": "minecraft:suspicious_stew",
          "functions": [
            {
              "function": "minecraft:set_stew_effect",
              "effects": [
                {
                  "type": "minecraft:health_boost",
                  "duration": {
                    "min": 1200,
                    "max": 2400
                  }
                }
              ]
            },
            {
              "function": "minecraft:set_name",
              "name": [
                {
                  "text": "Health Boost Stew",
                  "color": "gold",
                  "italic": false
                }
              ]
            }
          ]
        },
        {
          "type": "minecraft:item",
          "weight": 1,
          "name": "minecraft:goat_horn",
          "functions": [
            {
              "function": "minecraft:set_nbt",
              "tag": "{instrument:\"minecraft:call_goat_horn\",weapon:sat_cow}"
            },
            {
              "function": "minecraft:set_name",
              "name": [
                {
                  "text": "Saturation Cow Horn",
                  "color": "gold",
                  "italic": false
                }
              ]
            },
            {
              "function": "minecraft:set_lore",
              "lore": [
                {
                  "text": "  "
                },
                {
                  "text": "Calls the Saturation cow ",
                  "color": "gray",
                  "italic": false
                },
                {
                  "text": "which one can milk with bowls ",
                  "color": "gray",
                  "italic": false
                },
                {
                  "text": "for stew of Saturation. ",
                  "color": "gray",
                  "italic": false
                }
              ]
            }
          ],
          "conditions": [
            {
              "condition": "minecraft:entity_scores",
              "entity": "this",
              "scores": {
                "mt.progression": {
                  "min": 350000
                }
              }
            }
          ]
        }
      ]
    }
  ]
}
