{
  "display": {
    "icon": {
      "item": "minecraft:spider_eye"
    },
    "title": "The Item of a Close Call",
    "description": "Find the Desert Chestplate",
    "frame": "challenge",
    "show_toast": true,
    "announce_to_chat": true,
    "hidden": true
  },
  "parent": "mt:treasure_advancements/first_legendary_desert_treasure",
  "criteria": {
    "obtainchest": {
      "trigger": "minecraft:inventory_changed",
      "conditions": {
        "player": [
          {
            "condition": "minecraft:entity_properties",
            "entity": "this",
            "predicate": {}
          }
        ],
        "items": [
          {
            "items": [
              "minecraft:leather_chestplate"
            ],
            "nbt": "{armor:desert_chestplate}"
          }
        ]
      }
    }
  }
}
