{
  "display": {
    "icon": {
      "item": "minecraft:ender_eye"
    },
    "title": "Final Showdown!",
    "description": "Activate an Assassin Totem",
    "frame": "task",
    "show_toast": true,
    "announce_to_chat": true,
    "hidden": false
  },
  "parent": "mt:treasure_advancements/first_epic_desert_treasure",
  "criteria": {
    "requirement": {
      "trigger": "minecraft:used_totem",
      "conditions": {
        "item": {
          "nbt": "{weapon:totemassa}"
        }
      }
    }
  }
}
