{
    "name": "minecraft:village/desert/grass",
    "fallback": "minecraft:empty",
    "elements": [
      {
        "weight": 1,
        "element": {
          "location": "villages_overhauled:village/desert/grass/grass_01",
          "processors": "minecraft:empty",
          "projection": "terrain_matching",
          "element_type": "minecraft:legacy_single_pool_element"
        }
      },
      {
        "weight": 1,
        "element": {
          "location": "villages_overhauled:village/desert/grass/grass_02",
          "processors": "minecraft:empty",
          "projection": "terrain_matching",
          "element_type": "minecraft:legacy_single_pool_element"
        }
      },
      {
        "weight": 1,
        "element": {
          "location": "villages_overhauled:village/desert/grass/grass_03",
          "processors": "minecraft:empty",
          "projection": "terrain_matching",
          "element_type": "minecraft:legacy_single_pool_element"
        }
      },
      {
        "weight": 1,
        "element": {
          "location": "villages_overhauled:village/desert/grass/grass_04",
          "processors": "minecraft:empty",
          "projection": "terrain_matching",
          "element_type": "minecraft:legacy_single_pool_element"
        }
      }
    ]
  }