{
  "name": "bastion",
  "fallback": "minecraft:empty",
  "elements": [
    {
      "weight": 4,
      "element": {
        "element_type": "minecraft:single_pool_element",
        "projection": "rigid",
        "location": "ethrium:bastion_outpost_mobs/pillager",
        "processors": {
          "processors": []
        }
      }
    },
    {
      "weight": 3,
      "element": {
        "element_type": "minecraft:single_pool_element",
        "projection": "rigid",
        "location": "ethrium:bastion_outpost_mobs/vindicator",
        "processors": {
          "processors": []
        }
      }
    },
    {
      "weight": 4,
      "element": {
        "element_type": "minecraft:single_pool_element",
        "projection": "rigid",
        "location": "ethrium:bastion_outpost_mobs/empty",
        "processors": {
          "processors": []
        }
      }
    },
    {
      "weight": 2,
      "element": {
        "element_type": "minecraft:single_pool_element",
        "projection": "rigid",
        "location": "ethrium:bastion_outpost_mobs/witch",
        "processors": {
          "processors": []
        }
      }
    },
    {
      "weight": 1,
      "element": {
        "element_type": "minecraft:single_pool_element",
        "projection": "rigid",
        "location": "ethrium:bastion_outpost_mobs/illusioner",
        "processors": "minecraft:empty"
      }
    }
  ]
}
