{
  "values": [
    {
      "id": "minecraft:wooden_pickaxe",
      "required": false
    },
    {
      "id": "minecraft:stone_pickaxe",
      "required": false
    },
    {
      "id": "minecraft:iron_pickaxe",
      "required": false
    },
    {
      "id": "minecraft:golden_pickaxe",
      "required": false
    },
    {
      "id": "minecraft:diamond_pickaxe",
      "required": false
    },
    {
      "id": "minecraft:netherite_pickaxe",
      "required": false
    }
  ]
}
