{
  "display": {
    "icon": {
      "item": "minecraft:end_portal_frame"
    },
    "title": "Pocket Dimension",
    "description": "Spawn a Portal Room",
    "frame": "task",
    "show_toast": true,
    "announce_to_chat": true,
    "hidden": true
  },
  "parent": "mt:treasure_advancements/first_legendary_dark_forest_treasure",
  "criteria": {
    "requirement": {
      "trigger": "minecraft:using_item",
      "conditions": {
        "item": {
          "nbt": "{instrument:\"minecraft:call_goat_horn\",weapon:portal_horn}"
        }
      }
    }
  }
}
