{
    "type": "minecraft:crafting_shaped",
    "pattern": [
      "///",
      "#!#",
      "@@@"
    ],
    "key": {
        "#": {
            "item": "minecraft:sculk"
        },
        "@": {
            "item": "minecraft:bone_block"
        },
        "!": [
            {
                "item": "minecraft:soul_soil"
            },
            {
                "item": "minecraft:soul_sand"
            }
        ],
        "/": {
            "item": "minecraft:echo_shard"
        }
    },
    "result": {
      "item": "minecraft:sculk_catalyst",
      "count": 1
    }
  }