{
  "pools": [
    {
      "rolls": 1,
      "entries": [
        {
          "type": "item",
          "weight": 1,
          "name": "minecraft:leather_chestplate",
          "functions": [
            {
              "function": "set_count",
              "count": 1
            },
            {
              "function": "set_nbt",
              "tag": "{display:{Name:'{\"text\":\"Ocean Chestplate\",\"color\":\"gold\",\"bold\":false,\"italic\":false}',Lore:['{\"text\":\" \"}','{\"text\":\"Ability:\",\"color\":\"green\",\"italic\":false}','{\"text\":\"When worn the user gains permanent\",\"color\":\"gray\",\"italic\":false}','{\"text\":\"Dolphin\\'s Grace and Conduit Power II.\",\"color\":\"gray\",\"italic\":false}'],color:957667},HideFlags:64,RepairCost:99999,Unbreakable:1b,armor:ocean_chestplate,mt:armor}"
            },
            {
              "function": "minecraft:set_enchantments",
              "enchantments": {
                "minecraft:protection": {
                  "min": 3,
                  "max": 7
                },
                "minecraft:projectile_protection": {
                  "min": 3,
                  "max": 7
                },
                "minecraft:blast_protection": {
                  "min": 3,
                  "max": 7
                },
                "minecraft:fire_protection": {
                  "min": 3,
                  "max": 7
                },
                "minecraft:feather_falling": {
                  "min": {
                    "type": "minecraft:constant",
                    "value": 1
                  },
                  "max": {
                    "type": "minecraft:constant",
                    "value": 3
                  }
                }
              }
            },
            {
              "function": "minecraft:set_nbt",
              "tag": "{Unbreakable:1}"
            },
            {
              "function": "minecraft:set_attributes",
              "modifiers": [
                {
                  "attribute": "minecraft:generic.knockback_resistance",
                  "name": "minecraft:generic.knockback_resistance",
                  "amount": 0.1,
                  "operation": "addition",
                  "slot": "chest"
                },
                {
                  "attribute": "minecraft:generic.armor_toughness",
                  "name": "minecraft:generic.armor_toughness",
                  "amount": 3,
                  "operation": "addition",
                  "slot": "chest"
                },
                {
                  "attribute": "minecraft:generic.armor",
                  "name": "minecraft:generic.armor",
                  "amount": 8,
                  "operation": "addition",
                  "slot": "chest"
                }
              ]
            }
          ]
        },
        {
          "type": "item",
          "weight": 1,
          "name": "minecraft:leather_chestplate",
          "functions": [
            {
              "function": "set_count",
              "count": 1
            },
            {
              "function": "set_nbt",
              "tag": "{display:{Name:'{\"text\":\"Ocean Chestplate\",\"color\":\"gold\",\"bold\":false,\"italic\":false}',Lore:['{\"text\":\" \"}','{\"text\":\"Ability:\",\"color\":\"green\",\"italic\":false}','{\"text\":\"When worn the user gains permanent\",\"color\":\"gray\",\"italic\":false}','{\"text\":\"Dolphin\\'s Grace and Conduit Power II. \",\"color\":\"gray\",\"italic\":false}'],color:957667},HideFlags:64,RepairCost:99999,Unbreakable:1b,armor:ocean_chestplate,mt:armor}"
            },
            {
              "function": "minecraft:set_enchantments",
              "enchantments": {
                "minecraft:protection": {
                  "min": 3,
                  "max": 7
                },
                "minecraft:projectile_protection": {
                  "min": 3,
                  "max": 7
                },
                "minecraft:blast_protection": {
                  "min": 3,
                  "max": 7
                },
                "minecraft:fire_protection": {
                  "min": 3,
                  "max": 7
                },
                "minecraft:feather_falling": {
                  "min": {
                    "type": "minecraft:constant",
                    "value": 1
                  },
                  "max": {
                    "type": "minecraft:constant",
                    "value": 3
                  }
                }
              }
            },
            {
              "function": "minecraft:set_nbt",
              "tag": "{Unbreakable:1}"
            },
            {
              "function": "minecraft:set_attributes",
              "modifiers": [
                {
                  "attribute": "minecraft:generic.knockback_resistance",
                  "name": "minecraft:generic.knockback_resistance",
                  "amount": 0.1,
                  "operation": "addition",
                  "slot": "chest"
                },
                {
                  "attribute": "minecraft:generic.armor_toughness",
                  "name": "minecraft:generic.armor_toughness",
                  "amount": 3.5,
                  "operation": "addition",
                  "slot": "chest"
                },
                {
                  "attribute": "minecraft:generic.armor",
                  "name": "minecraft:generic.armor",
                  "amount": 8.5,
                  "operation": "addition",
                  "slot": "chest"
                }
              ]
            }
          ]
        },
        {
          "type": "item",
          "weight": 1,
          "name": "minecraft:leather_chestplate",
          "functions": [
            {
              "function": "set_count",
              "count": 1
            },
            {
              "function": "set_nbt",
              "tag": "{display:{Name:'{\"text\":\"Ocean Chestplate\",\"color\":\"gold\",\"bold\":false,\"italic\":false}',Lore:['{\"text\":\" \"}','{\"text\":\"Ability:\",\"color\":\"green\",\"italic\":false}','{\"text\":\"When worn the user gains permanent\",\"color\":\"gray\",\"italic\":false}','{\"text\":\"Dolphin\\'s Grace and Conduit Power II. \",\"color\":\"gray\",\"italic\":false}'],color:957667},HideFlags:64,RepairCost:99999,Unbreakable:1b,armor:ocean_chestplate,mt:armor}"
            },
            {
              "function": "minecraft:set_enchantments",
              "enchantments": {
                "minecraft:protection": {
                  "min": 3,
                  "max": 7
                },
                "minecraft:projectile_protection": {
                  "min": 3,
                  "max": 7
                },
                "minecraft:blast_protection": {
                  "min": 3,
                  "max": 7
                },
                "minecraft:fire_protection": {
                  "min": 3,
                  "max": 7
                },
                "minecraft:feather_falling": {
                  "min": {
                    "type": "minecraft:constant",
                    "value": 1
                  },
                  "max": {
                    "type": "minecraft:constant",
                    "value": 3
                  }
                }
              }
            },
            {
              "function": "minecraft:set_nbt",
              "tag": "{Unbreakable:1}"
            },
            {
              "function": "minecraft:set_attributes",
              "modifiers": [
                {
                  "attribute": "minecraft:generic.knockback_resistance",
                  "name": "minecraft:generic.knockback_resistance",
                  "amount": 0.1,
                  "operation": "addition",
                  "slot": "chest"
                },
                {
                  "attribute": "minecraft:generic.armor_toughness",
                  "name": "minecraft:generic.armor_toughness",
                  "amount": 4,
                  "operation": "addition",
                  "slot": "chest"
                },
                {
                  "attribute": "minecraft:generic.armor",
                  "name": "minecraft:generic.armor",
                  "amount": 9,
                  "operation": "addition",
                  "slot": "chest"
                }
              ]
            }
          ]
        },
        {
          "type": "item",
          "weight": 1,
          "name": "minecraft:leather_chestplate",
          "functions": [
            {
              "function": "set_count",
              "count": 1
            },
            {
              "function": "set_nbt",
              "tag": "{display:{Name:'{\"text\":\"Ocean Chestplate\",\"color\":\"gold\",\"bold\":false,\"italic\":false}',Lore:['{\"text\":\" \"}','{\"text\":\"Ability:\",\"color\":\"green\",\"italic\":false}','{\"text\":\"When worn the user gains permanent\",\"color\":\"gray\",\"italic\":false}','{\"text\":\"Dolphin\\'s Grace and Conduit Power II. \",\"color\":\"gray\",\"italic\":false}'],color:957667},HideFlags:64,RepairCost:99999,Unbreakable:1b,armor:ocean_chestplate,mt:armor}"
            },
            {
              "function": "minecraft:set_enchantments",
              "enchantments": {
                "minecraft:protection": {
                  "min": 3,
                  "max": 7
                },
                "minecraft:projectile_protection": {
                  "min": 3,
                  "max": 7
                },
                "minecraft:blast_protection": {
                  "min": 3,
                  "max": 7
                },
                "minecraft:fire_protection": {
                  "min": 3,
                  "max": 7
                },
                "minecraft:feather_falling": {
                  "min": {
                    "type": "minecraft:constant",
                    "value": 1
                  },
                  "max": {
                    "type": "minecraft:constant",
                    "value": 3
                  }
                }
              }
            },
            {
              "function": "minecraft:set_nbt",
              "tag": "{Unbreakable:1}"
            },
            {
              "function": "minecraft:set_attributes",
              "modifiers": [
                {
                  "attribute": "minecraft:generic.knockback_resistance",
                  "name": "minecraft:generic.knockback_resistance",
                  "amount": 0.1,
                  "operation": "addition",
                  "slot": "chest"
                },
                {
                  "attribute": "minecraft:generic.armor_toughness",
                  "name": "minecraft:generic.armor_toughness",
                  "amount": 4.5,
                  "operation": "addition",
                  "slot": "chest"
                },
                {
                  "attribute": "minecraft:generic.armor",
                  "name": "minecraft:generic.armor",
                  "amount": 9.5,
                  "operation": "addition",
                  "slot": "chest"
                }
              ]
            }
          ]
        },
        {
          "type": "item",
          "weight": 1,
          "name": "minecraft:leather_chestplate",
          "functions": [
            {
              "function": "set_count",
              "count": 1
            },
            {
              "function": "set_nbt",
              "tag": "{display:{Name:'{\"text\":\"Ocean Chestplate\",\"color\":\"gold\",\"bold\":false,\"italic\":false}',Lore:['{\"text\":\" \"}','{\"text\":\"Ability:\",\"color\":\"green\",\"italic\":false}','{\"text\":\"When worn the user gains permanent\",\"color\":\"gray\",\"italic\":false}','{\"text\":\"Dolphin\\'s Grace and Conduit Power II. \",\"color\":\"gray\",\"italic\":false}'],color:957667},HideFlags:64,RepairCost:99999,Unbreakable:1b,armor:ocean_chestplate,mt:armor}"
            },
            {
              "function": "minecraft:set_enchantments",
              "enchantments": {
                "minecraft:protection": {
                  "min": 3,
                  "max": 7
                },
                "minecraft:projectile_protection": {
                  "min": 3,
                  "max": 7
                },
                "minecraft:blast_protection": {
                  "min": 3,
                  "max": 7
                },
                "minecraft:fire_protection": {
                  "min": 3,
                  "max": 7
                },
                "minecraft:feather_falling": {
                  "min": {
                    "type": "minecraft:constant",
                    "value": 1
                  },
                  "max": {
                    "type": "minecraft:constant",
                    "value": 3
                  }
                }
              }
            },
            {
              "function": "minecraft:set_nbt",
              "tag": "{Unbreakable:1}"
            },
            {
              "function": "minecraft:set_attributes",
              "modifiers": [
                {
                  "attribute": "minecraft:generic.knockback_resistance",
                  "name": "minecraft:generic.knockback_resistance",
                  "amount": 0.1,
                  "operation": "addition",
                  "slot": "chest"
                },
                {
                  "attribute": "minecraft:generic.armor_toughness",
                  "name": "minecraft:generic.armor_toughness",
                  "amount": 5,
                  "operation": "addition",
                  "slot": "chest"
                },
                {
                  "attribute": "minecraft:generic.armor",
                  "name": "minecraft:generic.armor",
                  "amount": 10,
                  "operation": "addition",
                  "slot": "chest"
                }
              ]
            }
          ]
        },
        {
          "type": "item",
          "weight": 1,
          "name": "minecraft:leather_chestplate",
          "functions": [
            {
              "function": "set_count",
              "count": 1
            },
            {
              "function": "set_nbt",
              "tag": "{display:{Name:'{\"text\":\"Ocean Chestplate\",\"color\":\"gold\",\"bold\":false,\"italic\":false}',Lore:['{\"text\":\" \"}','{\"text\":\"Ability:\",\"color\":\"green\",\"italic\":false}','{\"text\":\"When worn the user gains permanent\",\"color\":\"gray\",\"italic\":false}','{\"text\":\"Dolphin\\'s Grace and Conduit Power II. \",\"color\":\"gray\",\"italic\":false}'],color:957667},HideFlags:64,RepairCost:99999,Unbreakable:1b,armor:ocean_chestplate,mt:armor}"
            },
            {
              "function": "minecraft:set_enchantments",
              "enchantments": {
                "minecraft:protection": {
                  "min": 3,
                  "max": 7
                },
                "minecraft:projectile_protection": {
                  "min": 3,
                  "max": 7
                },
                "minecraft:blast_protection": {
                  "min": 3,
                  "max": 7
                },
                "minecraft:fire_protection": {
                  "min": 3,
                  "max": 7
                },
                "minecraft:feather_falling": {
                  "min": {
                    "type": "minecraft:constant",
                    "value": 1
                  },
                  "max": {
                    "type": "minecraft:constant",
                    "value": 3
                  }
                }
              }
            },
            {
              "function": "minecraft:set_nbt",
              "tag": "{Unbreakable:1}"
            },
            {
              "function": "minecraft:set_attributes",
              "modifiers": [
                {
                  "attribute": "minecraft:generic.knockback_resistance",
                  "name": "minecraft:generic.knockback_resistance",
                  "amount": 0.1,
                  "operation": "addition",
                  "slot": "chest"
                },
                {
                  "attribute": "minecraft:generic.armor_toughness",
                  "name": "minecraft:generic.armor_toughness",
                  "amount": 3,
                  "operation": "addition",
                  "slot": "chest"
                },
                {
                  "attribute": "minecraft:generic.armor",
                  "name": "minecraft:generic.armor",
                  "amount": 7,
                  "operation": "addition",
                  "slot": "chest"
                }
              ]
            }
          ]
        },
        {
          "type": "item",
          "weight": 1,
          "name": "minecraft:leather_chestplate",
          "functions": [
            {
              "function": "set_count",
              "count": 1
            },
            {
              "function": "set_nbt",
              "tag": "{display:{Name:'{\"text\":\"Ocean Chestplate\",\"color\":\"gold\",\"bold\":false,\"italic\":false}',Lore:['{\"text\":\" \"}','{\"text\":\"Ability:\",\"color\":\"green\",\"italic\":false}','{\"text\":\"When worn the user gains permanent\",\"color\":\"gray\",\"italic\":false}','{\"text\":\"Dolphin\\'s Grace and Conduit Power II. \",\"color\":\"gray\",\"italic\":false}'],color:957667},HideFlags:64,RepairCost:99999,Unbreakable:1b,armor:ocean_chestplate,mt:armor}"
            },
            {
              "function": "minecraft:set_enchantments",
              "enchantments": {
                "minecraft:protection": {
                  "min": 3,
                  "max": 7
                },
                "minecraft:projectile_protection": {
                  "min": 3,
                  "max": 7
                },
                "minecraft:blast_protection": {
                  "min": 3,
                  "max": 7
                },
                "minecraft:fire_protection": {
                  "min": 3,
                  "max": 7
                },
                "minecraft:feather_falling": {
                  "min": {
                    "type": "minecraft:constant",
                    "value": 1
                  },
                  "max": {
                    "type": "minecraft:constant",
                    "value": 3
                  }
                }
              }
            },
            {
              "function": "minecraft:set_nbt",
              "tag": "{Unbreakable:1}"
            },
            {
              "function": "minecraft:set_attributes",
              "modifiers": [
                {
                  "attribute": "minecraft:generic.knockback_resistance",
                  "name": "minecraft:generic.knockback_resistance",
                  "amount": 0.1,
                  "operation": "addition",
                  "slot": "chest"
                },
                {
                  "attribute": "minecraft:generic.armor_toughness",
                  "name": "minecraft:generic.armor_toughness",
                  "amount": 3,
                  "operation": "addition",
                  "slot": "chest"
                },
                {
                  "attribute": "minecraft:generic.armor",
                  "name": "minecraft:generic.armor",
                  "amount": 8.5,
                  "operation": "addition",
                  "slot": "chest"
                }
              ]
            }
          ]
        },
        {
          "type": "item",
          "weight": 1,
          "name": "minecraft:leather_chestplate",
          "functions": [
            {
              "function": "set_count",
              "count": 1
            },
            {
              "function": "set_nbt",
              "tag": "{display:{Name:'{\"text\":\"Ocean Chestplate\",\"color\":\"gold\",\"bold\":false,\"italic\":false}',Lore:['{\"text\":\" \"}','{\"text\":\"Ability:\",\"color\":\"green\",\"italic\":false}','{\"text\":\"When worn the user gains permanent\",\"color\":\"gray\",\"italic\":false}','{\"text\":\"Dolphin\\'s Grace and Conduit Power II. \",\"color\":\"gray\",\"italic\":false}'],color:957667},HideFlags:64,RepairCost:99999,Unbreakable:1b,armor:ocean_chestplate,mt:armor}"
            },
            {
              "function": "minecraft:set_enchantments",
              "enchantments": {
                "minecraft:protection": {
                  "min": 3,
                  "max": 7
                },
                "minecraft:projectile_protection": {
                  "min": 3,
                  "max": 7
                },
                "minecraft:blast_protection": {
                  "min": 3,
                  "max": 7
                },
                "minecraft:fire_protection": {
                  "min": 3,
                  "max": 7
                },
                "minecraft:feather_falling": {
                  "min": {
                    "type": "minecraft:constant",
                    "value": 1
                  },
                  "max": {
                    "type": "minecraft:constant",
                    "value": 3
                  }
                }
              }
            },
            {
              "function": "minecraft:set_nbt",
              "tag": "{Unbreakable:1}"
            },
            {
              "function": "minecraft:set_attributes",
              "modifiers": [
                {
                  "attribute": "minecraft:generic.knockback_resistance",
                  "name": "minecraft:generic.knockback_resistance",
                  "amount": 0.1,
                  "operation": "addition",
                  "slot": "chest"
                },
                {
                  "attribute": "minecraft:generic.armor_toughness",
                  "name": "minecraft:generic.armor_toughness",
                  "amount": 3,
                  "operation": "addition",
                  "slot": "chest"
                },
                {
                  "attribute": "minecraft:generic.armor",
                  "name": "minecraft:generic.armor",
                  "amount": 9,
                  "operation": "addition",
                  "slot": "chest"
                }
              ]
            }
          ]
        },
        {
          "type": "item",
          "weight": 1,
          "name": "minecraft:leather_chestplate",
          "functions": [
            {
              "function": "set_count",
              "count": 1
            },
            {
              "function": "set_nbt",
              "tag": "{display:{Name:'{\"text\":\"Ocean Chestplate\",\"color\":\"gold\",\"bold\":false,\"italic\":false}',Lore:['{\"text\":\" \"}','{\"text\":\"Ability:\",\"color\":\"green\",\"italic\":false}','{\"text\":\"When worn the user gains permanent\",\"color\":\"gray\",\"italic\":false}','{\"text\":\"Dolphin\\'s Grace and Conduit Power II. \",\"color\":\"gray\",\"italic\":false}'],color:957667},HideFlags:64,RepairCost:99999,Unbreakable:1b,armor:ocean_chestplate,mt:armor}"
            },
            {
              "function": "minecraft:set_enchantments",
              "enchantments": {
                "minecraft:protection": {
                  "min": 3,
                  "max": 7
                },
                "minecraft:projectile_protection": {
                  "min": 3,
                  "max": 7
                },
                "minecraft:blast_protection": {
                  "min": 3,
                  "max": 7
                },
                "minecraft:fire_protection": {
                  "min": 3,
                  "max": 7
                },
                "minecraft:feather_falling": {
                  "min": {
                    "type": "minecraft:constant",
                    "value": 1
                  },
                  "max": {
                    "type": "minecraft:constant",
                    "value": 3
                  }
                }
              }
            },
            {
              "function": "minecraft:set_nbt",
              "tag": "{Unbreakable:1}"
            },
            {
              "function": "minecraft:set_attributes",
              "modifiers": [
                {
                  "attribute": "minecraft:generic.knockback_resistance",
                  "name": "minecraft:generic.knockback_resistance",
                  "amount": 0.1,
                  "operation": "addition",
                  "slot": "chest"
                },
                {
                  "attribute": "minecraft:generic.armor_toughness",
                  "name": "minecraft:generic.armor_toughness",
                  "amount": 3,
                  "operation": "addition",
                  "slot": "chest"
                },
                {
                  "attribute": "minecraft:generic.armor",
                  "name": "minecraft:generic.armor",
                  "amount": 9.5,
                  "operation": "addition",
                  "slot": "chest"
                }
              ]
            }
          ]
        },
        {
          "type": "item",
          "weight": 1,
          "name": "minecraft:leather_chestplate",
          "functions": [
            {
              "function": "set_count",
              "count": 1
            },
            {
              "function": "set_nbt",
              "tag": "{display:{Name:'{\"text\":\"Ocean Chestplate\",\"color\":\"gold\",\"bold\":false,\"italic\":false}',Lore:['{\"text\":\" \"}','{\"text\":\"Ability:\",\"color\":\"green\",\"italic\":false}','{\"text\":\"When worn the user gains permanent\",\"color\":\"gray\",\"italic\":false}','{\"text\":\"Dolphin\\'s Grace and Conduit Power II. \",\"color\":\"gray\",\"italic\":false}'],color:957667},HideFlags:64,RepairCost:99999,Unbreakable:1b,armor:ocean_chestplate,mt:armor}"
            },
            {
              "function": "minecraft:set_enchantments",
              "enchantments": {
                "minecraft:protection": {
                  "min": 3,
                  "max": 7
                },
                "minecraft:projectile_protection": {
                  "min": 3,
                  "max": 7
                },
                "minecraft:blast_protection": {
                  "min": 3,
                  "max": 7
                },
                "minecraft:fire_protection": {
                  "min": 3,
                  "max": 7
                },
                "minecraft:feather_falling": {
                  "min": {
                    "type": "minecraft:constant",
                    "value": 1
                  },
                  "max": {
                    "type": "minecraft:constant",
                    "value": 3
                  }
                }
              }
            },
            {
              "function": "minecraft:set_nbt",
              "tag": "{Unbreakable:1}"
            },
            {
              "function": "minecraft:set_attributes",
              "modifiers": [
                {
                  "attribute": "minecraft:generic.knockback_resistance",
                  "name": "minecraft:generic.knockback_resistance",
                  "amount": 0.1,
                  "operation": "addition",
                  "slot": "chest"
                },
                {
                  "attribute": "minecraft:generic.armor_toughness",
                  "name": "minecraft:generic.armor_toughness",
                  "amount": 3,
                  "operation": "addition",
                  "slot": "chest"
                },
                {
                  "attribute": "minecraft:generic.armor",
                  "name": "minecraft:generic.armor",
                  "amount": 10,
                  "operation": "addition",
                  "slot": "chest"
                }
              ]
            }
          ]
        },
        {
          "type": "item",
          "weight": 1,
          "name": "minecraft:leather_chestplate",
          "functions": [
            {
              "function": "set_count",
              "count": 1
            },
            {
              "function": "set_nbt",
              "tag": "{display:{Name:'{\"text\":\"Ocean Chestplate\",\"color\":\"gold\",\"bold\":false,\"italic\":false}',Lore:['{\"text\":\" \"}','{\"text\":\"Ability:\",\"color\":\"green\",\"italic\":false}','{\"text\":\"When worn the user gains permanent\",\"color\":\"gray\",\"italic\":false}','{\"text\":\"Dolphin\\'s Grace and Conduit Power II. \",\"color\":\"gray\",\"italic\":false}'],color:957667},HideFlags:64,RepairCost:99999,Unbreakable:1b,armor:ocean_chestplate,mt:armor}"
            },
            {
              "function": "minecraft:set_enchantments",
              "enchantments": {
                "minecraft:protection": {
                  "min": 3,
                  "max": 7
                },
                "minecraft:projectile_protection": {
                  "min": 3,
                  "max": 7
                },
                "minecraft:blast_protection": {
                  "min": 3,
                  "max": 7
                },
                "minecraft:fire_protection": {
                  "min": 3,
                  "max": 7
                },
                "minecraft:feather_falling": {
                  "min": {
                    "type": "minecraft:constant",
                    "value": 1
                  },
                  "max": {
                    "type": "minecraft:constant",
                    "value": 3
                  }
                }
              }
            },
            {
              "function": "minecraft:set_nbt",
              "tag": "{Unbreakable:1}"
            },
            {
              "function": "minecraft:set_attributes",
              "modifiers": [
                {
                  "attribute": "minecraft:generic.knockback_resistance",
                  "name": "minecraft:generic.knockback_resistance",
                  "amount": 0.1,
                  "operation": "addition",
                  "slot": "chest"
                },
                {
                  "attribute": "minecraft:generic.armor_toughness",
                  "name": "minecraft:generic.armor_toughness",
                  "amount": 3.5,
                  "operation": "addition",
                  "slot": "chest"
                },
                {
                  "attribute": "minecraft:generic.armor",
                  "name": "minecraft:generic.armor",
                  "amount": 8,
                  "operation": "addition",
                  "slot": "chest"
                }
              ]
            }
          ]
        },
        {
          "type": "item",
          "weight": 1,
          "name": "minecraft:leather_chestplate",
          "functions": [
            {
              "function": "set_count",
              "count": 1
            },
            {
              "function": "set_nbt",
              "tag": "{display:{Name:'{\"text\":\"Ocean Chestplate\",\"color\":\"gold\",\"bold\":false,\"italic\":false}',Lore:['{\"text\":\" \"}','{\"text\":\"Ability:\",\"color\":\"green\",\"italic\":false}','{\"text\":\"When worn the user gains permanent\",\"color\":\"gray\",\"italic\":false}','{\"text\":\"Dolphin\\'s Grace and Conduit Power II. \",\"color\":\"gray\",\"italic\":false}'],color:957667},HideFlags:64,RepairCost:99999,Unbreakable:1b,armor:ocean_chestplate,mt:armor}"
            },
            {
              "function": "minecraft:set_enchantments",
              "enchantments": {
                "minecraft:protection": {
                  "min": 3,
                  "max": 7
                },
                "minecraft:projectile_protection": {
                  "min": 3,
                  "max": 7
                },
                "minecraft:blast_protection": {
                  "min": 3,
                  "max": 7
                },
                "minecraft:fire_protection": {
                  "min": 3,
                  "max": 7
                },
                "minecraft:feather_falling": {
                  "min": {
                    "type": "minecraft:constant",
                    "value": 1
                  },
                  "max": {
                    "type": "minecraft:constant",
                    "value": 3
                  }
                }
              }
            },
            {
              "function": "minecraft:set_nbt",
              "tag": "{Unbreakable:1}"
            },
            {
              "function": "minecraft:set_attributes",
              "modifiers": [
                {
                  "attribute": "minecraft:generic.knockback_resistance",
                  "name": "minecraft:generic.knockback_resistance",
                  "amount": 0.1,
                  "operation": "addition",
                  "slot": "chest"
                },
                {
                  "attribute": "minecraft:generic.armor_toughness",
                  "name": "minecraft:generic.armor_toughness",
                  "amount": 4,
                  "operation": "addition",
                  "slot": "chest"
                },
                {
                  "attribute": "minecraft:generic.armor",
                  "name": "minecraft:generic.armor",
                  "amount": 8,
                  "operation": "addition",
                  "slot": "chest"
                }
              ]
            }
          ]
        },
        {
          "type": "item",
          "weight": 1,
          "name": "minecraft:leather_chestplate",
          "functions": [
            {
              "function": "set_count",
              "count": 1
            },
            {
              "function": "set_nbt",
              "tag": "{display:{Name:'{\"text\":\"Ocean Chestplate\",\"color\":\"gold\",\"bold\":false,\"italic\":false}',Lore:['{\"text\":\" \"}','{\"text\":\"Ability:\",\"color\":\"green\",\"italic\":false}','{\"text\":\"When worn the user gains permanent\",\"color\":\"gray\",\"italic\":false}','{\"text\":\"Dolphin\\'s Grace and Conduit Power II. \",\"color\":\"gray\",\"italic\":false}'],color:957667},HideFlags:64,RepairCost:99999,Unbreakable:1b,armor:ocean_chestplate,mt:armor}"
            },
            {
              "function": "minecraft:set_enchantments",
              "enchantments": {
                "minecraft:protection": {
                  "min": 3,
                  "max": 7
                },
                "minecraft:projectile_protection": {
                  "min": 3,
                  "max": 7
                },
                "minecraft:blast_protection": {
                  "min": 3,
                  "max": 7
                },
                "minecraft:fire_protection": {
                  "min": 3,
                  "max": 7
                },
                "minecraft:feather_falling": {
                  "min": {
                    "type": "minecraft:constant",
                    "value": 1
                  },
                  "max": {
                    "type": "minecraft:constant",
                    "value": 3
                  }
                }
              }
            },
            {
              "function": "minecraft:set_nbt",
              "tag": "{Unbreakable:1}"
            },
            {
              "function": "minecraft:set_attributes",
              "modifiers": [
                {
                  "attribute": "minecraft:generic.knockback_resistance",
                  "name": "minecraft:generic.knockback_resistance",
                  "amount": 0.1,
                  "operation": "addition",
                  "slot": "chest"
                },
                {
                  "attribute": "minecraft:generic.armor_toughness",
                  "name": "minecraft:generic.armor_toughness",
                  "amount": 4.5,
                  "operation": "addition",
                  "slot": "chest"
                },
                {
                  "attribute": "minecraft:generic.armor",
                  "name": "minecraft:generic.armor",
                  "amount": 8,
                  "operation": "addition",
                  "slot": "chest"
                }
              ]
            }
          ]
        },
        {
          "type": "item",
          "weight": 1,
          "name": "minecraft:leather_chestplate",
          "functions": [
            {
              "function": "set_count",
              "count": 1
            },
            {
              "function": "set_nbt",
              "tag": "{display:{Name:'{\"text\":\"Ocean Chestplate\",\"color\":\"gold\",\"bold\":false,\"italic\":false}',Lore:['{\"text\":\" \"}','{\"text\":\"Ability:\",\"color\":\"green\",\"italic\":false}','{\"text\":\"When worn the user gains permanent\",\"color\":\"gray\",\"italic\":false}','{\"text\":\"Dolphin\\'s Grace and Conduit Power II. \",\"color\":\"gray\",\"italic\":false}'],color:957667},HideFlags:64,RepairCost:99999,Unbreakable:1b,armor:ocean_chestplate,mt:armor}"
            },
            {
              "function": "minecraft:set_enchantments",
              "enchantments": {
                "minecraft:protection": {
                  "min": 3,
                  "max": 7
                },
                "minecraft:projectile_protection": {
                  "min": 3,
                  "max": 7
                },
                "minecraft:blast_protection": {
                  "min": 3,
                  "max": 7
                },
                "minecraft:fire_protection": {
                  "min": 3,
                  "max": 7
                },
                "minecraft:feather_falling": {
                  "min": {
                    "type": "minecraft:constant",
                    "value": 1
                  },
                  "max": {
                    "type": "minecraft:constant",
                    "value": 3
                  }
                }
              }
            },
            {
              "function": "minecraft:set_nbt",
              "tag": "{Unbreakable:1}"
            },
            {
              "function": "minecraft:set_attributes",
              "modifiers": [
                {
                  "attribute": "minecraft:generic.knockback_resistance",
                  "name": "minecraft:generic.knockback_resistance",
                  "amount": 0.1,
                  "operation": "addition",
                  "slot": "chest"
                },
                {
                  "attribute": "minecraft:generic.armor_toughness",
                  "name": "minecraft:generic.armor_toughness",
                  "amount": 5,
                  "operation": "addition",
                  "slot": "chest"
                },
                {
                  "attribute": "minecraft:generic.armor",
                  "name": "minecraft:generic.armor",
                  "amount": 8,
                  "operation": "addition",
                  "slot": "chest"
                }
              ]
            }
          ]
        },
        {
          "type": "item",
          "weight": 1,
          "name": "minecraft:leather_chestplate",
          "functions": [
            {
              "function": "set_count",
              "count": 1
            },
            {
              "function": "set_nbt",
              "tag": "{display:{Name:'{\"text\":\"Ocean Chestplate\",\"color\":\"gold\",\"bold\":false,\"italic\":false}',Lore:['{\"text\":\" \"}','{\"text\":\"Ability:\",\"color\":\"green\",\"italic\":false}','{\"text\":\"When worn the user gains permanent\",\"color\":\"gray\",\"italic\":false}','{\"text\":\"Dolphin\\'s Grace and Conduit Power II.\",\"color\":\"gray\",\"italic\":false}'],color:957667},HideFlags:64,RepairCost:99999,Unbreakable:1b,armor:ocean_chestplate,mt:armor}"
            },
            {
              "function": "minecraft:set_enchantments",
              "enchantments": {
                "minecraft:protection": {
                  "min": 3,
                  "max": 7
                },
                "minecraft:projectile_protection": {
                  "min": 3,
                  "max": 7
                },
                "minecraft:blast_protection": {
                  "min": 3,
                  "max": 7
                },
                "minecraft:fire_protection": {
                  "min": 3,
                  "max": 7
                },
                "minecraft:feather_falling": {
                  "min": {
                    "type": "minecraft:constant",
                    "value": 1
                  },
                  "max": {
                    "type": "minecraft:constant",
                    "value": 3
                  }
                }
              }
            },
            {
              "function": "minecraft:set_nbt",
              "tag": "{Unbreakable:1}"
            },
            {
              "function": "minecraft:set_attributes",
              "modifiers": [
                {
                  "attribute": "minecraft:generic.knockback_resistance",
                  "name": "minecraft:generic.knockback_resistance",
                  "amount": 0.1,
                  "operation": "addition",
                  "slot": "chest"
                },
                {
                  "attribute": "minecraft:generic.armor_toughness",
                  "name": "minecraft:generic.armor_toughness",
                  "amount": 3.5,
                  "operation": "addition",
                  "slot": "chest"
                },
                {
                  "attribute": "minecraft:generic.armor",
                  "name": "minecraft:generic.armor",
                  "amount": 8,
                  "operation": "addition",
                  "slot": "chest"
                }
              ]
            }
          ]
        },
        {
          "type": "item",
          "weight": 1,
          "name": "minecraft:leather_chestplate",
          "functions": [
            {
              "function": "set_count",
              "count": 1
            },
            {
              "function": "set_nbt",
              "tag": "{display:{Name:'{\"text\":\"Ocean Chestplate\",\"color\":\"gold\",\"bold\":false,\"italic\":false}',Lore:['{\"text\":\" \"}','{\"text\":\"Ability:\",\"color\":\"green\",\"italic\":false}','{\"text\":\"When worn the user gains permanent\",\"color\":\"gray\",\"italic\":false}','{\"text\":\"Dolphin\\'s Grace and Conduit Power II. \",\"color\":\"gray\",\"italic\":false}'],color:957667},HideFlags:64,RepairCost:99999,Unbreakable:1b,armor:ocean_chestplate,mt:armor}"
            },
            {
              "function": "minecraft:set_enchantments",
              "enchantments": {
                "minecraft:protection": {
                  "min": 3,
                  "max": 7
                },
                "minecraft:projectile_protection": {
                  "min": 3,
                  "max": 7
                },
                "minecraft:blast_protection": {
                  "min": 3,
                  "max": 7
                },
                "minecraft:fire_protection": {
                  "min": 3,
                  "max": 7
                },
                "minecraft:feather_falling": {
                  "min": {
                    "type": "minecraft:constant",
                    "value": 1
                  },
                  "max": {
                    "type": "minecraft:constant",
                    "value": 3
                  }
                }
              }
            },
            {
              "function": "minecraft:set_nbt",
              "tag": "{Unbreakable:1}"
            },
            {
              "function": "minecraft:set_attributes",
              "modifiers": [
                {
                  "attribute": "minecraft:generic.knockback_resistance",
                  "name": "minecraft:generic.knockback_resistance",
                  "amount": 0.1,
                  "operation": "addition",
                  "slot": "chest"
                },
                {
                  "attribute": "minecraft:generic.armor_toughness",
                  "name": "minecraft:generic.armor_toughness",
                  "amount": 4,
                  "operation": "addition",
                  "slot": "chest"
                },
                {
                  "attribute": "minecraft:generic.armor",
                  "name": "minecraft:generic.armor",
                  "amount": 8.5,
                  "operation": "addition",
                  "slot": "chest"
                }
              ]
            }
          ]
        },
        {
          "type": "item",
          "weight": 1,
          "name": "minecraft:leather_chestplate",
          "functions": [
            {
              "function": "set_count",
              "count": 1
            },
            {
              "function": "set_nbt",
              "tag": "{display:{Name:'{\"text\":\"Ocean Chestplate\",\"color\":\"gold\",\"bold\":false,\"italic\":false}',Lore:['{\"text\":\" \"}','{\"text\":\"Ability:\",\"color\":\"green\",\"italic\":false}','{\"text\":\"When worn the user gains permanent\",\"color\":\"gray\",\"italic\":false}','{\"text\":\"Dolphin\\'s Grace and Conduit Power II. \",\"color\":\"gray\",\"italic\":false}'],color:957667},HideFlags:64,RepairCost:99999,Unbreakable:1b,armor:ocean_chestplate,mt:armor}"
            },
            {
              "function": "minecraft:set_enchantments",
              "enchantments": {
                "minecraft:protection": {
                  "min": 3,
                  "max": 7
                },
                "minecraft:projectile_protection": {
                  "min": 3,
                  "max": 7
                },
                "minecraft:blast_protection": {
                  "min": 3,
                  "max": 7
                },
                "minecraft:fire_protection": {
                  "min": 3,
                  "max": 7
                },
                "minecraft:feather_falling": {
                  "min": {
                    "type": "minecraft:constant",
                    "value": 1
                  },
                  "max": {
                    "type": "minecraft:constant",
                    "value": 3
                  }
                }
              }
            },
            {
              "function": "minecraft:set_nbt",
              "tag": "{Unbreakable:1}"
            },
            {
              "function": "minecraft:set_attributes",
              "modifiers": [
                {
                  "attribute": "minecraft:generic.knockback_resistance",
                  "name": "minecraft:generic.knockback_resistance",
                  "amount": 0.1,
                  "operation": "addition",
                  "slot": "chest"
                },
                {
                  "attribute": "minecraft:generic.armor_toughness",
                  "name": "minecraft:generic.armor_toughness",
                  "amount": 4.5,
                  "operation": "addition",
                  "slot": "chest"
                },
                {
                  "attribute": "minecraft:generic.armor",
                  "name": "minecraft:generic.armor",
                  "amount": 8.5,
                  "operation": "addition",
                  "slot": "chest"
                }
              ]
            }
          ]
        },
        {
          "type": "item",
          "weight": 1,
          "name": "minecraft:leather_chestplate",
          "functions": [
            {
              "function": "set_count",
              "count": 1
            },
            {
              "function": "set_nbt",
              "tag": "{display:{Name:'{\"text\":\"Ocean Chestplate\",\"color\":\"gold\",\"bold\":false,\"italic\":false}',Lore:['{\"text\":\" \"}','{\"text\":\"Ability:\",\"color\":\"green\",\"italic\":false}','{\"text\":\"When worn the user gains permanent\",\"color\":\"gray\",\"italic\":false}','{\"text\":\"Dolphin\\'s Grace and Conduit Power II. \",\"color\":\"gray\",\"italic\":false}'],color:957667},HideFlags:64,RepairCost:99999,Unbreakable:1b,armor:ocean_chestplate,mt:armor}"
            },
            {
              "function": "minecraft:set_enchantments",
              "enchantments": {
                "minecraft:protection": {
                  "min": 3,
                  "max": 7
                },
                "minecraft:projectile_protection": {
                  "min": 3,
                  "max": 7
                },
                "minecraft:blast_protection": {
                  "min": 3,
                  "max": 7
                },
                "minecraft:fire_protection": {
                  "min": 3,
                  "max": 7
                },
                "minecraft:feather_falling": {
                  "min": {
                    "type": "minecraft:constant",
                    "value": 1
                  },
                  "max": {
                    "type": "minecraft:constant",
                    "value": 3
                  }
                }
              }
            },
            {
              "function": "minecraft:set_nbt",
              "tag": "{Unbreakable:1}"
            },
            {
              "function": "minecraft:set_attributes",
              "modifiers": [
                {
                  "attribute": "minecraft:generic.knockback_resistance",
                  "name": "minecraft:generic.knockback_resistance",
                  "amount": 0.1,
                  "operation": "addition",
                  "slot": "chest"
                },
                {
                  "attribute": "minecraft:generic.armor_toughness",
                  "name": "minecraft:generic.armor_toughness",
                  "amount": 5,
                  "operation": "addition",
                  "slot": "chest"
                },
                {
                  "attribute": "minecraft:generic.armor",
                  "name": "minecraft:generic.armor",
                  "amount": 8.5,
                  "operation": "addition",
                  "slot": "chest"
                }
              ]
            }
          ]
        },
        {
          "type": "item",
          "weight": 1,
          "name": "minecraft:leather_chestplate",
          "functions": [
            {
              "function": "set_count",
              "count": 1
            },
            {
              "function": "set_nbt",
              "tag": "{display:{Name:'{\"text\":\"Ocean Chestplate\",\"color\":\"gold\",\"bold\":false,\"italic\":false}',Lore:['{\"text\":\" \"}','{\"text\":\"Ability:\",\"color\":\"green\",\"italic\":false}','{\"text\":\"When worn the user gains permanent\",\"color\":\"gray\",\"italic\":false}','{\"text\":\"Dolphin\\'s Grace and Conduit Power II. \",\"color\":\"gray\",\"italic\":false}'],color:957667},HideFlags:64,RepairCost:99999,Unbreakable:1b,armor:ocean_chestplate,mt:armor}"
            },
            {
              "function": "minecraft:set_enchantments",
              "enchantments": {
                "minecraft:protection": {
                  "min": 3,
                  "max": 7
                },
                "minecraft:projectile_protection": {
                  "min": 3,
                  "max": 7
                },
                "minecraft:blast_protection": {
                  "min": 3,
                  "max": 7
                },
                "minecraft:fire_protection": {
                  "min": 3,
                  "max": 7
                },
                "minecraft:feather_falling": {
                  "min": {
                    "type": "minecraft:constant",
                    "value": 1
                  },
                  "max": {
                    "type": "minecraft:constant",
                    "value": 3
                  }
                }
              }
            },
            {
              "function": "minecraft:set_nbt",
              "tag": "{Unbreakable:1}"
            },
            {
              "function": "minecraft:set_attributes",
              "modifiers": [
                {
                  "attribute": "minecraft:generic.knockback_resistance",
                  "name": "minecraft:generic.knockback_resistance",
                  "amount": 0.1,
                  "operation": "addition",
                  "slot": "chest"
                },
                {
                  "attribute": "minecraft:generic.armor_toughness",
                  "name": "minecraft:generic.armor_toughness",
                  "amount": 3.5,
                  "operation": "addition",
                  "slot": "chest"
                },
                {
                  "attribute": "minecraft:generic.armor",
                  "name": "minecraft:generic.armor",
                  "amount": 9,
                  "operation": "addition",
                  "slot": "chest"
                }
              ]
            }
          ]
        },
        {
          "type": "item",
          "weight": 1,
          "name": "minecraft:leather_chestplate",
          "functions": [
            {
              "function": "set_count",
              "count": 1
            },
            {
              "function": "set_nbt",
              "tag": "{display:{Name:'{\"text\":\"Ocean Chestplate\",\"color\":\"gold\",\"bold\":false,\"italic\":false}',Lore:['{\"text\":\" \"}','{\"text\":\"Ability:\",\"color\":\"green\",\"italic\":false}','{\"text\":\"When worn the user gains permanent\",\"color\":\"gray\",\"italic\":false}','{\"text\":\"Dolphin\\'s Grace and Conduit Power II. \",\"color\":\"gray\",\"italic\":false}'],color:957667},HideFlags:64,RepairCost:99999,Unbreakable:1b,armor:ocean_chestplate,mt:armor}"
            },
            {
              "function": "minecraft:set_enchantments",
              "enchantments": {
                "minecraft:protection": {
                  "min": 3,
                  "max": 7
                },
                "minecraft:projectile_protection": {
                  "min": 3,
                  "max": 7
                },
                "minecraft:blast_protection": {
                  "min": 3,
                  "max": 7
                },
                "minecraft:fire_protection": {
                  "min": 3,
                  "max": 7
                },
                "minecraft:feather_falling": {
                  "min": {
                    "type": "minecraft:constant",
                    "value": 1
                  },
                  "max": {
                    "type": "minecraft:constant",
                    "value": 3
                  }
                }
              }
            },
            {
              "function": "minecraft:set_nbt",
              "tag": "{Unbreakable:1}"
            },
            {
              "function": "minecraft:set_attributes",
              "modifiers": [
                {
                  "attribute": "minecraft:generic.knockback_resistance",
                  "name": "minecraft:generic.knockback_resistance",
                  "amount": 0.1,
                  "operation": "addition",
                  "slot": "chest"
                },
                {
                  "attribute": "minecraft:generic.armor_toughness",
                  "name": "minecraft:generic.armor_toughness",
                  "amount": 4,
                  "operation": "addition",
                  "slot": "chest"
                },
                {
                  "attribute": "minecraft:generic.armor",
                  "name": "minecraft:generic.armor",
                  "amount": 9,
                  "operation": "addition",
                  "slot": "chest"
                }
              ]
            }
          ]
        },
        {
          "type": "item",
          "weight": 1,
          "name": "minecraft:leather_chestplate",
          "functions": [
            {
              "function": "set_count",
              "count": 1
            },
            {
              "function": "set_nbt",
              "tag": "{display:{Name:'{\"text\":\"Ocean Chestplate\",\"color\":\"gold\",\"bold\":false,\"italic\":false}',Lore:['{\"text\":\" \"}','{\"text\":\"Ability:\",\"color\":\"green\",\"italic\":false}','{\"text\":\"When worn the user gains permanent\",\"color\":\"gray\",\"italic\":false}','{\"text\":\"Dolphin\\'s Grace and Conduit Power II. \",\"color\":\"gray\",\"italic\":false}'],color:957667},HideFlags:64,RepairCost:99999,Unbreakable:1b,armor:ocean_chestplate,mt:armor}"
            },
            {
              "function": "minecraft:set_enchantments",
              "enchantments": {
                "minecraft:protection": {
                  "min": 3,
                  "max": 7
                },
                "minecraft:projectile_protection": {
                  "min": 3,
                  "max": 7
                },
                "minecraft:blast_protection": {
                  "min": 3,
                  "max": 7
                },
                "minecraft:fire_protection": {
                  "min": 3,
                  "max": 7
                },
                "minecraft:feather_falling": {
                  "min": {
                    "type": "minecraft:constant",
                    "value": 1
                  },
                  "max": {
                    "type": "minecraft:constant",
                    "value": 3
                  }
                }
              }
            },
            {
              "function": "minecraft:set_nbt",
              "tag": "{Unbreakable:1}"
            },
            {
              "function": "minecraft:set_attributes",
              "modifiers": [
                {
                  "attribute": "minecraft:generic.knockback_resistance",
                  "name": "minecraft:generic.knockback_resistance",
                  "amount": 0.1,
                  "operation": "addition",
                  "slot": "chest"
                },
                {
                  "attribute": "minecraft:generic.armor_toughness",
                  "name": "minecraft:generic.armor_toughness",
                  "amount": 4.5,
                  "operation": "addition",
                  "slot": "chest"
                },
                {
                  "attribute": "minecraft:generic.armor",
                  "name": "minecraft:generic.armor",
                  "amount": 9,
                  "operation": "addition",
                  "slot": "chest"
                }
              ]
            }
          ]
        },
        {
          "type": "item",
          "weight": 1,
          "name": "minecraft:leather_chestplate",
          "functions": [
            {
              "function": "set_count",
              "count": 1
            },
            {
              "function": "set_nbt",
              "tag": "{display:{Name:'{\"text\":\"Ocean Chestplate\",\"color\":\"gold\",\"bold\":false,\"italic\":false}',Lore:['{\"text\":\" \"}','{\"text\":\"Ability:\",\"color\":\"green\",\"italic\":false}','{\"text\":\"When worn the user gains permanent\",\"color\":\"gray\",\"italic\":false}','{\"text\":\"Dolphin\\'s Grace and Conduit Power II. \",\"color\":\"gray\",\"italic\":false}'],color:957667},HideFlags:64,RepairCost:99999,Unbreakable:1b,armor:ocean_chestplate,mt:armor}"
            },
            {
              "function": "minecraft:set_enchantments",
              "enchantments": {
                "minecraft:protection": {
                  "min": 3,
                  "max": 7
                },
                "minecraft:projectile_protection": {
                  "min": 3,
                  "max": 7
                },
                "minecraft:blast_protection": {
                  "min": 3,
                  "max": 7
                },
                "minecraft:fire_protection": {
                  "min": 3,
                  "max": 7
                },
                "minecraft:feather_falling": {
                  "min": {
                    "type": "minecraft:constant",
                    "value": 1
                  },
                  "max": {
                    "type": "minecraft:constant",
                    "value": 3
                  }
                }
              }
            },
            {
              "function": "minecraft:set_nbt",
              "tag": "{Unbreakable:1}"
            },
            {
              "function": "minecraft:set_attributes",
              "modifiers": [
                {
                  "attribute": "minecraft:generic.knockback_resistance",
                  "name": "minecraft:generic.knockback_resistance",
                  "amount": 0.1,
                  "operation": "addition",
                  "slot": "chest"
                },
                {
                  "attribute": "minecraft:generic.armor_toughness",
                  "name": "minecraft:generic.armor_toughness",
                  "amount": 5,
                  "operation": "addition",
                  "slot": "chest"
                },
                {
                  "attribute": "minecraft:generic.armor",
                  "name": "minecraft:generic.armor",
                  "amount": 9,
                  "operation": "addition",
                  "slot": "chest"
                }
              ]
            }
          ]
        },
        {
          "type": "item",
          "weight": 1,
          "name": "minecraft:leather_chestplate",
          "functions": [
            {
              "function": "set_count",
              "count": 1
            },
            {
              "function": "set_nbt",
              "tag": "{display:{Name:'{\"text\":\"Ocean Chestplate\",\"color\":\"gold\",\"bold\":false,\"italic\":false}',Lore:['{\"text\":\" \"}','{\"text\":\"Ability:\",\"color\":\"green\",\"italic\":false}','{\"text\":\"When worn the user gains permanent\",\"color\":\"gray\",\"italic\":false}','{\"text\":\"Dolphin\\'s Grace and Conduit Power II. \",\"color\":\"gray\",\"italic\":false}'],color:957667},HideFlags:64,RepairCost:99999,Unbreakable:1b,armor:ocean_chestplate,mt:armor}"
            },
            {
              "function": "minecraft:set_enchantments",
              "enchantments": {
                "minecraft:protection": {
                  "min": 3,
                  "max": 7
                },
                "minecraft:projectile_protection": {
                  "min": 3,
                  "max": 7
                },
                "minecraft:blast_protection": {
                  "min": 3,
                  "max": 7
                },
                "minecraft:fire_protection": {
                  "min": 3,
                  "max": 7
                },
                "minecraft:feather_falling": {
                  "min": {
                    "type": "minecraft:constant",
                    "value": 1
                  },
                  "max": {
                    "type": "minecraft:constant",
                    "value": 3
                  }
                }
              }
            },
            {
              "function": "minecraft:set_nbt",
              "tag": "{Unbreakable:1}"
            },
            {
              "function": "minecraft:set_attributes",
              "modifiers": [
                {
                  "attribute": "minecraft:generic.knockback_resistance",
                  "name": "minecraft:generic.knockback_resistance",
                  "amount": 0.1,
                  "operation": "addition",
                  "slot": "chest"
                },
                {
                  "attribute": "minecraft:generic.armor_toughness",
                  "name": "minecraft:generic.armor_toughness",
                  "amount": 3.5,
                  "operation": "addition",
                  "slot": "chest"
                },
                {
                  "attribute": "minecraft:generic.armor",
                  "name": "minecraft:generic.armor",
                  "amount": 9.5,
                  "operation": "addition",
                  "slot": "chest"
                }
              ]
            }
          ]
        },
        {
          "type": "item",
          "weight": 1,
          "name": "minecraft:leather_chestplate",
          "functions": [
            {
              "function": "set_count",
              "count": 1
            },
            {
              "function": "set_nbt",
              "tag": "{display:{Name:'{\"text\":\"Ocean Chestplate\",\"color\":\"gold\",\"bold\":false,\"italic\":false}',Lore:['{\"text\":\" \"}','{\"text\":\"Ability:\",\"color\":\"green\",\"italic\":false}','{\"text\":\"When worn the user gains permanent\",\"color\":\"gray\",\"italic\":false}','{\"text\":\"Dolphin\\'s Grace and Conduit Power II. \",\"color\":\"gray\",\"italic\":false}'],color:957667},HideFlags:64,RepairCost:99999,Unbreakable:1b,armor:ocean_chestplate,mt:armor}"
            },
            {
              "function": "minecraft:set_enchantments",
              "enchantments": {
                "minecraft:protection": {
                  "min": 3,
                  "max": 7
                },
                "minecraft:projectile_protection": {
                  "min": 3,
                  "max": 7
                },
                "minecraft:blast_protection": {
                  "min": 3,
                  "max": 7
                },
                "minecraft:fire_protection": {
                  "min": 3,
                  "max": 7
                },
                "minecraft:feather_falling": {
                  "min": {
                    "type": "minecraft:constant",
                    "value": 1
                  },
                  "max": {
                    "type": "minecraft:constant",
                    "value": 3
                  }
                }
              }
            },
            {
              "function": "minecraft:set_nbt",
              "tag": "{Unbreakable:1}"
            },
            {
              "function": "minecraft:set_attributes",
              "modifiers": [
                {
                  "attribute": "minecraft:generic.knockback_resistance",
                  "name": "minecraft:generic.knockback_resistance",
                  "amount": 0.1,
                  "operation": "addition",
                  "slot": "chest"
                },
                {
                  "attribute": "minecraft:generic.armor_toughness",
                  "name": "minecraft:generic.armor_toughness",
                  "amount": 4,
                  "operation": "addition",
                  "slot": "chest"
                },
                {
                  "attribute": "minecraft:generic.armor",
                  "name": "minecraft:generic.armor",
                  "amount": 9.5,
                  "operation": "addition",
                  "slot": "chest"
                }
              ]
            }
          ]
        },
        {
          "type": "item",
          "weight": 1,
          "name": "minecraft:leather_chestplate",
          "functions": [
            {
              "function": "set_count",
              "count": 1
            },
            {
              "function": "set_nbt",
              "tag": "{display:{Name:'{\"text\":\"Ocean Chestplate\",\"color\":\"gold\",\"bold\":false,\"italic\":false}',Lore:['{\"text\":\" \"}','{\"text\":\"Ability:\",\"color\":\"green\",\"italic\":false}','{\"text\":\"When worn the user gains permanent\",\"color\":\"gray\",\"italic\":false}','{\"text\":\"Dolphin\\'s Grace and Conduit Power II. \",\"color\":\"gray\",\"italic\":false}'],color:957667},HideFlags:64,RepairCost:99999,Unbreakable:1b,armor:ocean_chestplate,mt:armor}"
            },
            {
              "function": "minecraft:set_enchantments",
              "enchantments": {
                "minecraft:protection": {
                  "min": 3,
                  "max": 7
                },
                "minecraft:projectile_protection": {
                  "min": 3,
                  "max": 7
                },
                "minecraft:blast_protection": {
                  "min": 3,
                  "max": 7
                },
                "minecraft:fire_protection": {
                  "min": 3,
                  "max": 7
                },
                "minecraft:feather_falling": {
                  "min": {
                    "type": "minecraft:constant",
                    "value": 1
                  },
                  "max": {
                    "type": "minecraft:constant",
                    "value": 3
                  }
                }
              }
            },
            {
              "function": "minecraft:set_nbt",
              "tag": "{Unbreakable:1}"
            },
            {
              "function": "minecraft:set_attributes",
              "modifiers": [
                {
                  "attribute": "minecraft:generic.knockback_resistance",
                  "name": "minecraft:generic.knockback_resistance",
                  "amount": 0.1,
                  "operation": "addition",
                  "slot": "chest"
                },
                {
                  "attribute": "minecraft:generic.armor_toughness",
                  "name": "minecraft:generic.armor_toughness",
                  "amount": 5,
                  "operation": "addition",
                  "slot": "chest"
                },
                {
                  "attribute": "minecraft:generic.armor",
                  "name": "minecraft:generic.armor",
                  "amount": 9.5,
                  "operation": "addition",
                  "slot": "chest"
                }
              ]
            }
          ]
        },
        {
          "type": "item",
          "weight": 1,
          "name": "minecraft:leather_chestplate",
          "functions": [
            {
              "function": "set_count",
              "count": 1
            },
            {
              "function": "set_nbt",
              "tag": "{display:{Name:'{\"text\":\"Ocean Chestplate\",\"color\":\"gold\",\"bold\":false,\"italic\":false}',Lore:['{\"text\":\" \"}','{\"text\":\"Ability:\",\"color\":\"green\",\"italic\":false}','{\"text\":\"When worn the user gains permanent\",\"color\":\"gray\",\"italic\":false}','{\"text\":\"Dolphin\\'s Grace and Conduit Power II. \",\"color\":\"gray\",\"italic\":false}'],color:957667},HideFlags:64,RepairCost:99999,Unbreakable:1b,armor:ocean_chestplate,mt:armor}"
            },
            {
              "function": "minecraft:set_enchantments",
              "enchantments": {
                "minecraft:protection": {
                  "min": 3,
                  "max": 7
                },
                "minecraft:projectile_protection": {
                  "min": 3,
                  "max": 7
                },
                "minecraft:blast_protection": {
                  "min": 3,
                  "max": 7
                },
                "minecraft:fire_protection": {
                  "min": 3,
                  "max": 7
                },
                "minecraft:feather_falling": {
                  "min": {
                    "type": "minecraft:constant",
                    "value": 1
                  },
                  "max": {
                    "type": "minecraft:constant",
                    "value": 3
                  }
                }
              }
            },
            {
              "function": "minecraft:set_nbt",
              "tag": "{Unbreakable:1}"
            },
            {
              "function": "minecraft:set_attributes",
              "modifiers": [
                {
                  "attribute": "minecraft:generic.knockback_resistance",
                  "name": "minecraft:generic.knockback_resistance",
                  "amount": 0.1,
                  "operation": "addition",
                  "slot": "chest"
                },
                {
                  "attribute": "minecraft:generic.armor_toughness",
                  "name": "minecraft:generic.armor_toughness",
                  "amount": 3.5,
                  "operation": "addition",
                  "slot": "chest"
                },
                {
                  "attribute": "minecraft:generic.armor",
                  "name": "minecraft:generic.armor",
                  "amount": 10,
                  "operation": "addition",
                  "slot": "chest"
                }
              ]
            }
          ]
        },
        {
          "type": "item",
          "weight": 1,
          "name": "minecraft:leather_chestplate",
          "functions": [
            {
              "function": "set_count",
              "count": 1
            },
            {
              "function": "set_nbt",
              "tag": "{display:{Name:'{\"text\":\"Ocean Chestplate\",\"color\":\"gold\",\"bold\":false,\"italic\":false}',Lore:['{\"text\":\" \"}','{\"text\":\"Ability:\",\"color\":\"green\",\"italic\":false}','{\"text\":\"When worn the user gains permanent\",\"color\":\"gray\",\"italic\":false}','{\"text\":\"Dolphin\\'s Grace and Conduit Power II. \",\"color\":\"gray\",\"italic\":false}'],color:957667},HideFlags:64,RepairCost:99999,Unbreakable:1b,armor:ocean_chestplate,mt:armor}"
            },
            {
              "function": "minecraft:set_enchantments",
              "enchantments": {
                "minecraft:protection": {
                  "min": 3,
                  "max": 7
                },
                "minecraft:projectile_protection": {
                  "min": 3,
                  "max": 7
                },
                "minecraft:blast_protection": {
                  "min": 3,
                  "max": 7
                },
                "minecraft:fire_protection": {
                  "min": 3,
                  "max": 7
                },
                "minecraft:feather_falling": {
                  "min": {
                    "type": "minecraft:constant",
                    "value": 1
                  },
                  "max": {
                    "type": "minecraft:constant",
                    "value": 3
                  }
                }
              }
            },
            {
              "function": "minecraft:set_nbt",
              "tag": "{Unbreakable:1}"
            },
            {
              "function": "minecraft:set_attributes",
              "modifiers": [
                {
                  "attribute": "minecraft:generic.knockback_resistance",
                  "name": "minecraft:generic.knockback_resistance",
                  "amount": 0.1,
                  "operation": "addition",
                  "slot": "chest"
                },
                {
                  "attribute": "minecraft:generic.armor_toughness",
                  "name": "minecraft:generic.armor_toughness",
                  "amount": 4,
                  "operation": "addition",
                  "slot": "chest"
                },
                {
                  "attribute": "minecraft:generic.armor",
                  "name": "minecraft:generic.armor",
                  "amount": 10,
                  "operation": "addition",
                  "slot": "chest"
                }
              ]
            }
          ]
        },
        {
          "type": "item",
          "weight": 1,
          "name": "minecraft:leather_chestplate",
          "functions": [
            {
              "function": "set_count",
              "count": 1
            },
            {
              "function": "set_nbt",
              "tag": "{display:{Name:'{\"text\":\"Ocean Chestplate\",\"color\":\"gold\",\"bold\":false,\"italic\":false}',Lore:['{\"text\":\" \"}','{\"text\":\"Ability:\",\"color\":\"green\",\"italic\":false}','{\"text\":\"When worn the user gains permanent\",\"color\":\"gray\",\"italic\":false}','{\"text\":\"Dolphin\\'s Grace and Conduit Power II. \",\"color\":\"gray\",\"italic\":false}'],color:957667},HideFlags:64,RepairCost:99999,Unbreakable:1b,armor:ocean_chestplate,mt:armor}"
            },
            {
              "function": "minecraft:set_enchantments",
              "enchantments": {
                "minecraft:protection": {
                  "min": 3,
                  "max": 7
                },
                "minecraft:projectile_protection": {
                  "min": 3,
                  "max": 7
                },
                "minecraft:blast_protection": {
                  "min": 3,
                  "max": 7
                },
                "minecraft:fire_protection": {
                  "min": 3,
                  "max": 7
                },
                "minecraft:feather_falling": {
                  "min": {
                    "type": "minecraft:constant",
                    "value": 1
                  },
                  "max": {
                    "type": "minecraft:constant",
                    "value": 3
                  }
                }
              }
            },
            {
              "function": "minecraft:set_nbt",
              "tag": "{Unbreakable:1}"
            },
            {
              "function": "minecraft:set_attributes",
              "modifiers": [
                {
                  "attribute": "minecraft:generic.knockback_resistance",
                  "name": "minecraft:generic.knockback_resistance",
                  "amount": 0.1,
                  "operation": "addition",
                  "slot": "chest"
                },
                {
                  "attribute": "minecraft:generic.armor_toughness",
                  "name": "minecraft:generic.armor_toughness",
                  "amount": 3.5,
                  "operation": "addition",
                  "slot": "chest"
                },
                {
                  "attribute": "minecraft:generic.armor",
                  "name": "minecraft:generic.armor",
                  "amount": 10,
                  "operation": "addition",
                  "slot": "chest"
                }
              ]
            }
          ]
        },
        {
          "type": "item",
          "weight": 1,
          "name": "minecraft:leather_chestplate",
          "functions": [
            {
              "function": "set_count",
              "count": 1
            },
            {
              "function": "set_nbt",
              "tag": "{display:{Name:'{\"text\":\"Ocean Chestplate\",\"color\":\"gold\",\"bold\":false,\"italic\":false}',Lore:['{\"text\":\" \"}','{\"text\":\"Ability:\",\"color\":\"green\",\"italic\":false}','{\"text\":\"When worn the user gains permanent\",\"color\":\"gray\",\"italic\":false}','{\"text\":\"Dolphin\\'s Grace and Conduit Power II. \",\"color\":\"gray\",\"italic\":false}'],color:957667},HideFlags:64,RepairCost:99999,Unbreakable:1b,armor:ocean_chestplate,mt:armor}"
            },
            {
              "function": "minecraft:set_enchantments",
              "enchantments": {
                "minecraft:protection": {
                  "min": 3,
                  "max": 7
                },
                "minecraft:projectile_protection": {
                  "min": 3,
                  "max": 7
                },
                "minecraft:blast_protection": {
                  "min": 3,
                  "max": 7
                },
                "minecraft:fire_protection": {
                  "min": 3,
                  "max": 7
                },
                "minecraft:feather_falling": {
                  "min": {
                    "type": "minecraft:constant",
                    "value": 1
                  },
                  "max": {
                    "type": "minecraft:constant",
                    "value": 3
                  }
                }
              }
            },
            {
              "function": "minecraft:set_nbt",
              "tag": "{Unbreakable:1}"
            },
            {
              "function": "minecraft:set_attributes",
              "modifiers": [
                {
                  "attribute": "minecraft:generic.knockback_resistance",
                  "name": "minecraft:generic.knockback_resistance",
                  "amount": 0.1,
                  "operation": "addition",
                  "slot": "chest"
                },
                {
                  "attribute": "minecraft:generic.armor_toughness",
                  "name": "minecraft:generic.armor_toughness",
                  "amount": 4.5,
                  "operation": "addition",
                  "slot": "chest"
                },
                {
                  "attribute": "minecraft:generic.armor",
                  "name": "minecraft:generic.armor",
                  "amount": 10,
                  "operation": "addition",
                  "slot": "chest"
                }
              ]
            }
          ]
        }
      ]
    }
  ]
}
