{
  "name": "minecraft:village/desert/houses",
  "fallback": "villages_overhauled:village/desert/small_houses",
  "elements": [
    {
      "weight": 1,
      "element": {
        "location": "minecraft:village/desert/houses/desert_small_house_1",
        "processors": "villages_overhauled:sandstonify",
        "projection": "rigid",
        "element_type": "minecraft:single_pool_element"
      }
    },
    {
      "weight": 1,
      "element": {
        "location": "minecraft:village/desert/houses/desert_small_house_2",
        "processors": "villages_overhauled:sandstonify",
        "projection": "rigid",
        "element_type": "minecraft:single_pool_element"
      }
    },
    {
      "weight": 1,
      "element": {
        "location": "minecraft:village/desert/houses/desert_small_house_3",
        "processors": "villages_overhauled:sandstonify",
        "projection": "rigid",
        "element_type": "minecraft:single_pool_element"
      }
    },
    {
      "weight": 1,
      "element": {
        "location": "minecraft:village/desert/houses/desert_small_house_4",
        "processors": "villages_overhauled:sandstonify",
        "projection": "rigid",
        "element_type": "minecraft:single_pool_element"
      }
    },
    {
      "weight": 1,
      "element": {
        "location": "minecraft:village/desert/houses/desert_small_house_5",
        "processors": "villages_overhauled:sandstonify",
        "projection": "rigid",
        "element_type": "minecraft:single_pool_element"
      }
    },
    {
      "weight": 1,
      "element": {
        "location": "minecraft:village/desert/houses/desert_small_house_6",
        "processors": "villages_overhauled:sandstonify",
        "projection": "rigid",
        "element_type": "minecraft:single_pool_element"
      }
    },
    {
      "weight": 1,
      "element": {
        "location": "minecraft:village/desert/houses/desert_small_house_7",
        "processors": "villages_overhauled:sandstonify",
        "projection": "rigid",
        "element_type": "minecraft:single_pool_element"
      }
    },
    {
      "weight": 1,
      "element": {
        "location": "minecraft:village/desert/houses/desert_small_house_2",
        "processors": "villages_overhauled:sandstonify",
        "projection": "rigid",
        "element_type": "minecraft:single_pool_element"
      }
    },
    {
      "weight": 4,
      "element": {
        "location": "minecraft:village/desert/houses/desert_medium_house_1",
        "processors": "villages_overhauled:sandstonify",
        "projection": "rigid",
        "element_type": "minecraft:single_pool_element"
      }
    },
    {
      "weight": 4,
      "element": {
        "location": "minecraft:village/desert/houses/desert_medium_house_2",
        "processors": "villages_overhauled:sandstonify",
        "projection": "rigid",
        "element_type": "minecraft:single_pool_element"
      }
    },
    {
      "weight": 1,
      "element": {
        "location": "minecraft:village/desert/houses/desert_big_house_1",
        "processors": "villages_overhauled:sandstonify",
        "projection": "rigid",
        "element_type": "minecraft:single_pool_element"
      }
    },
    {
      "weight": 2,
      "element": {
        "location": "minecraft:village/desert/houses/desert_animal_pen_1",
        "processors": "minecraft:empty",
        "projection": "rigid",
        "element_type": "minecraft:single_pool_element"
      }
    },
    {
      "weight": 2,
      "element": {
        "location": "minecraft:village/desert/houses/desert_animal_pen_2",
        "processors": "minecraft:empty",
        "projection": "rigid",
        "element_type": "minecraft:single_pool_element"
      }
    },
    {
      "weight": 2,
      "element": {
        "location": "minecraft:village/desert/houses/desert_animal_pen_3",
        "processors": "minecraft:empty",
        "projection": "rigid",
        "element_type": "minecraft:single_pool_element"
      }
    },
    {
      "weight": 8,
      "element": {
        "location": "minecraft:village/desert/houses/desert_farm_1",
        "processors": "minecraft:farm_desert",
        "projection": "rigid",
        "element_type": "minecraft:single_pool_element"
      }
    },
    {
      "weight": 10,
      "element": {
        "location": "minecraft:village/desert/houses/desert_farm_2",
        "processors": "minecraft:empty",
        "projection": "rigid",
        "element_type": "minecraft:single_pool_element"
      }
    },
    {
      "weight": 10,
      "element": {
        "location": "minecraft:village/desert/houses/desert_farm_2",
        "processors": "villages_overhauled:desert_farm_cactus",
        "projection": "rigid",
        "element_type": "minecraft:single_pool_element"
      }
    },
    {
      "weight": 3,
      "element": {
        "location": "minecraft:village/desert/houses/desert_armorer_1",
        "processors": "villages_overhauled:sandstonify",
        "projection": "rigid",
        "element_type": "minecraft:single_pool_element"
      }
    },
    {
      "weight": 3,
      "element": {
        "location": "minecraft:village/desert/houses/desert_butcher_shop_1",
        "processors": "villages_overhauled:sandstonify",
        "projection": "rigid",
        "element_type": "minecraft:single_pool_element"
      }
    },
    {
      "weight": 3,
      "element": {
        "location": "minecraft:village/desert/houses/desert_cartographer_house_1",
        "processors": "villages_overhauled:sandstonify",
        "projection": "rigid",
        "element_type": "minecraft:single_pool_element"
      }
    },
    {
      "weight": 1,
      "element": {
        "location": "minecraft:village/desert/houses/desert_library_1",
        "processors": "villages_overhauled:sandstonify",
        "projection": "rigid",
        "element_type": "minecraft:single_pool_element"
      }
    },
    {
      "weight": 3,
      "element": {
        "location": "minecraft:village/desert/houses/desert_shepherd_house_1",
        "processors": "minecraft:empty",
        "projection": "rigid",
        "element_type": "minecraft:single_pool_element"
      }
    },
    {
      "weight": 3,
      "element": {
        "location": "minecraft:village/desert/houses/desert_weaponsmith_1",
        "processors": "villages_overhauled:sandstonify",
        "projection": "rigid",
        "element_type": "minecraft:single_pool_element"
      }
    },
    {
      "weight": 3,
      "element": {
        "location": "minecraft:village/desert/houses/desert_fletcher_house_1",
        "processors": "villages_overhauled:sandstonify",
        "projection": "rigid",
        "element_type": "minecraft:single_pool_element"
      }
    },
    {
      "weight": 3,
      "element": {
        "location": "minecraft:village/desert/houses/desert_mason_1",
        "processors": "villages_overhauled:sandstonify",
        "projection": "rigid",
        "element_type": "minecraft:single_pool_element"
      }
    },
    {
      "weight": 3,
      "element": {
        "location": "minecraft:village/desert/houses/desert_tannery_1",
        "processors": "villages_overhauled:sandstonify",
        "projection": "rigid",
        "element_type": "minecraft:single_pool_element"
      }
    },
    {
      "weight": 1,
      "element": {
        "location": "minecraft:village/desert/houses/desert_temple_1",
        "processors": "villages_overhauled:sandstonify",
        "projection": "rigid",
        "element_type": "minecraft:single_pool_element"
      }
    },
    {
      "weight": 2,
      "element": {
        "location": "minecraft:village/desert/houses/desert_temple_2",
        "processors": "villages_overhauled:sandstonify",
        "projection": "rigid",
        "element_type": "minecraft:single_pool_element"
      }
    },
    {
      "weight": 3,
      "element": {
        "location": "minecraft:village/desert/houses/desert_toolsmith_1",
        "processors": "villages_overhauled:sandstonify",
        "projection": "rigid",
        "element_type": "minecraft:single_pool_element"
      }
    }
  ]
}