{
    "name": "villages_overhauled:village/plains/zombie/lamp",
    "fallback": "minecraft:empty",
    "elements": [
      {
        "weight": 1,
        "element": {
          "location": "minecraft:village/plains/zombie/plains_lamp_1",
          "processors": "minecraft:empty",
          "projection": "rigid",
          "element_type": "minecraft:legacy_single_pool_element"
        }
      },
      {
        "weight": 1,
        "element": {
          "location": "minecraft:village/plains/zombie/plains_lamp_2",
          "processors": "minecraft:empty",
          "projection": "rigid",
          "element_type": "minecraft:legacy_single_pool_element"
        }
      },
      {
        "weight": 1,
        "element": {
          "element_type": "minecraft:empty_pool_element"
        }
      }
    ]
  }