{
    "name": "villages_overhauled:village/plains/zombie/small_houses",
    "fallback": "minecraft:village/plains/terminators",
    "elements": [
      {
        "weight": 2,
        "element": {
          "location": "minecraft:village/plains/zombie/houses/plains_small_house_1",
          "processors": "minecraft:empty",
          "projection": "rigid",
          "element_type": "minecraft:single_pool_element"
        }
      },
      {
        "weight": 2,
        "element": {
          "location": "minecraft:village/plains/zombie/houses/plains_small_house_2",
          "processors": "minecraft:empty",
          "projection": "rigid",
          "element_type": "minecraft:single_pool_element"
        }
      },
      {
        "weight": 2,
        "element": {
          "location": "minecraft:village/plains/zombie/houses/plains_small_house_3",
          "processors": "minecraft:empty",
          "projection": "rigid",
          "element_type": "minecraft:single_pool_element"
        }
      },
      {
        "weight": 2,
        "element": {
          "location": "minecraft:village/plains/zombie/houses/plains_small_house_4",
          "processors": "minecraft:empty",
          "projection": "rigid",
          "element_type": "minecraft:single_pool_element"
        }
      },
      {
        "weight": 2,
        "element": {
          "location": "minecraft:village/plains/zombie/houses/plains_small_house_5",
          "processors": "minecraft:empty",
          "projection": "rigid",
          "element_type": "minecraft:single_pool_element"
        }
      },
      {
        "weight": 2,
        "element": {
          "location": "minecraft:village/plains/zombie/houses/plains_small_house_6",
          "processors": "minecraft:empty",
          "projection": "rigid",
          "element_type": "minecraft:single_pool_element"
        }
      },
      {
        "weight": 2,
        "element": {
          "location": "minecraft:village/plains/zombie/houses/plains_small_house_7",
          "processors": "minecraft:empty",
          "projection": "rigid",
          "element_type": "minecraft:single_pool_element"
        }
      },
      {
        "weight": 1,
        "element": {
          "location": "minecraft:village/plains/zombie/houses/plains_small_house_8",
          "processors": "minecraft:empty",
          "projection": "rigid",
          "element_type": "minecraft:single_pool_element"
        }
      }
    ]
  }