{
  "display": {
    "icon": {
      "item": "minecraft:warped_fungus"
    },
    "title": "*Teleports in Front of You*",
    "description": "Find the Warped Bow",
    "frame": "task",
    "show_toast": true,
    "announce_to_chat": true,
    "hidden": false
  },
  "parent": "mt:treasure_advancements/first_epic_warped_treasure",
  "criteria": {
    "obtainchest": {
      "trigger": "minecraft:inventory_changed",
      "conditions": {
        "items": [
          {
            "items": [
              "minecraft:bow"
            ],
            "nbt": "{weapon:warped_bow}"
          }
        ]
      }
    }
  }
}
