{
  "display": {
    "icon": {
      "item": "minecraft:cooked_salmon"
    },
    "title": "Yummy Yummy Mummy",
    "description": "Eat a Strong Saturation Stew",
    "frame": "task",
    "show_toast": true,
    "announce_to_chat": true,
    "hidden": false
  },
  "parent": "mt:treasure_advancements/first_legendary_ocean_treasure",
  "criteria": {
    "requirement": {
      "trigger": "minecraft:consume_item",
      "conditions": {
        "item": {
          "nbt": "{food:satstew}"
        }
      }
    }
  }
}
