{
  "display": {
    "icon": {
      "item": "minecraft:shield"
    },
    "title": "Lighter Than Water",
    "description": "Obtain a Lightweight Shield",
    "frame": "challenge",
    "show_toast": true,
    "announce_to_chat": true,
    "hidden": false
  },
  "parent": "mt:treasure_advancements/first_legendary_ocean_treasure",
  "criteria": {
    "obtainchest": {
      "trigger": "minecraft:inventory_changed",
      "conditions": {
        "items": [
          {
            "items": [
              "minecraft:shield"
            ],
            "nbt": "{weapon:light}"
          }
        ]
      }
    }
  }
}
