{
  "criteria": {
    "requirement": {
      "trigger": "minecraft:used_ender_eye",
      "conditions": {
        "player": [
          {
            "condition": "minecraft:any_of",
            "terms": [
              {
                "condition": "minecraft:entity_properties",
                "entity": "this",
                "predicate": {
                  "equipment": {
                    "offhand": {
                      "items": [
                        "minecraft:ender_eye"
                      ],
                      "nbt": "{rune:mt.reverse,mt:rune}"
                    }
                  }
                }
              },
              {
                "condition": "minecraft:entity_properties",
                "entity": "this",
                "predicate": {
                  "equipment": {
                    "mainhand": {
                      "items": [
                        "minecraft:ender_eye"
                      ],
                      "nbt": "{rune:mt.reverse,mt:rune}"
                    }
                  }
                }
              }
            ]
          }
        ]
      }
    }
  },
  "rewards": {
    "function": "mt:runes/reverse_rune"
  }
}
