{
  "pools": [
    {
      "rolls": 1,
      "entries": [
        {
          "type": "minecraft:item",
          "name": "minecraft:wooden_pickaxe",
          "functions": [
            {
              "function": "minecraft:set_nbt",
              "tag": "{ps-multitool:1b,CustomModelData:74201}"
            },
            {
              "function": "minecraft:set_lore",
              "lore": [
                [
                  {
                    "text": "M",
                    "color": "#00ff00",
                    "italic": false
                  },
                  {
                    "text": "u",
                    "color": "#00e093",
                    "italic": false
                  },
                  {
                    "text": "l",
                    "color": "#00baca",
                    "italic": false
                  },
                  {
                    "text": "t",
                    "color": "#008fca",
                    "italic": false
                  },
                  {
                    "text": "i",
                    "color": "#00639a",
                    "italic": false
                  },
                  {
                    "text": "t",
                    "color": "#008fca",
                    "italic": false
                  },
                  {
                    "text": "o",
                    "color": "#00baca",
                    "italic": false
                  },
                  {
                    "text": "o",
                    "color": "#00e093",
                    "italic": false
                  },
                  {
                    "text": "l",
                    "color": "#00ff00",
                    "italic": false
                  }
                ]
              ]
            }
          ]
        }
      ]
    }
  ]
}
