{
  "criteria": {
    "requirement": {
      "trigger": "minecraft:player_hurt_entity",
      "conditions": {
        "player": [
          {
            "condition": "minecraft:entity_properties",
            "entity": "this",
            "predicate": {
              "flags": {},
              "equipment": {
                "mainhand": {
                  "nbt": "{weapon:hurri}"
                }
              }
            }
          },
          {
            "condition": "minecraft:random_chance",
            "chance": 0.25
          }
        ],
        "damage": {
          "type": {
            "tags": [
              {
                "id": "mt:player_attack",
                "expected": true
              }
            ]
          }
        }
      }
    }
  },
  "rewards": {
    "function": "mt:entity_hit_functions/assign"
  }
}
