{
  "display": {
    "icon": {
      "item": "minecraft:chorus_fruit"
    },
    "title": "Escape Artist",
    "description": "Consume an Enchanted Chorus Fruit",
    "frame": "task",
    "show_toast": true,
    "announce_to_chat": true,
    "hidden": false
  },
  "parent": "mt:treasure_advancements/first_epic_end_treasure",
  "criteria": {
    "requirement": {
      "trigger": "minecraft:consume_item",
      "conditions": {
        "item": {
          "nbt": "{food:enchanted_chorus_fruit}"
        }
      }
    }
  }
}
