{
  "display": {
    "icon": {
      "item": "minecraft:elytra"
    },
    "title": "Screw Unbreaking And Mending",
    "description": "Obtain the Indestructia",
    "frame": "challenge",
    "show_toast": true,
    "announce_to_chat": true,
    "hidden": true
  },
  "parent": "mt:treasure_advancements/first_legendary_end_treasure",
  "criteria": {
    "obtainchest": {
      "trigger": "minecraft:inventory_changed",
      "conditions": {
        "items": [
          {
            "items": [
              "minecraft:elytra"
            ],
            "nbt": "{armor:indestructia}"
          }
        ]
      }
    }
  }
}
