{
  "display": {
    "icon": {
      "item": "minecraft:cake"
    },
    "title": "Just The Way Mum Made It",
    "description": "Eat stew from a Saturation Cow",
    "frame": "task",
    "show_toast": true,
    "announce_to_chat": true,
    "hidden": false
  },
  "parent": "mt:treasure_advancements/first_legendary_mushroom_treasure",
  "criteria": {
    "requirement": {
      "trigger": "minecraft:consume_item",
      "conditions": {
        "item": {
          "nbt": "{Effects:[{EffectDuration:601,EffectId:23}]}"
        }
      }
    }
  }
}
