{
  "display": {
    "icon": {
      "item": "minecraft:spawner"
    },
    "title": "Saved The Meat Industry",
    "description": "Use a Mooshroom Spawn Egg On a Spawner",
    "frame": "task",
    "show_toast": true,
    "announce_to_chat": true,
    "hidden": true
  },
  "parent": "mt:display_advancements/mushroom/use_mooshroom",
  "criteria": {
    "requirement": {
      "trigger": "minecraft:item_used_on_block",
      "conditions": {
        "location": [
          {
            "condition": "minecraft:match_tool",
            "predicate": {
              "items": [
                "minecraft:mooshroom_spawn_egg"
              ]
            }
          },
          {
            "condition": "minecraft:location_check",
            "predicate": {
              "block": {
                "blocks": [
                  "minecraft:spawner"
                ]
              }
            }
          }
        ]
      }
    }
  }
}
