{
  "pools": [
    {
      "rolls": {
        "min": 1,
        "max": 1
      },
      "entries": [
        {
          "type": "minecraft:item",
          "name": "minecraft:ender_eye",
          "functions": [
            {
              "function": "minecraft:set_count",
              "count": 1
            },
            {
              "function": "minecraft:set_name",
              "name": [
                {
                  "text": "Mysterichant",
                  "color": "gold",
                  "italic": false
                }
              ]
            },
            {
              "function": "minecraft:set_lore",
              "lore": [
                {
                  "text": "RUNE",
                  "color": "gold",
                  "bold": true,
                  "italic": false
                },
                {
                  "text": " ",
                  "color": "gray",
                  "italic": false
                },
                {
                  "text": "Ability:",
                  "color": "green",
                  "italic": false
                },
                {
                  "text": "Hold an armor piece or a weapon in ",
                  "color": "gray",
                  "italic": false
                },
                {
                  "text": "your offhand and right click for a ",
                  "color": "gray",
                  "italic": false
                },
                {
                  "text": "random essential enchantment. Max ",
                  "color": "gray",
                  "italic": false
                },
                {
                  "text": "is Sharpness X and Protection VI. ",
                  "color": "gray",
                  "italic": false
                }
              ]
            },
            {
              "function": "minecraft:set_nbt",
              "tag": "{rune:mt.enchant,mt:rune,Enchantments:[{}]}"
            }
          ]
        }
      ]
    }
  ]
}
