{
  "display": {
    "icon": {
      "item": "minecraft:honey_bottle"
    },
    "title": "The Drinking Experience",
    "description": "Consume a Juicy Experience Drink",
    "frame": "challenge",
    "show_toast": true,
    "announce_to_chat": true,
    "hidden": false
  },
  "parent": "mt:treasure_advancements/first_legendary_flower_treasure",
  "criteria": {
    "requirement": {
      "trigger": "minecraft:consume_item",
      "conditions": {
        "item": {
          "nbt": "{food:xphoney}"
        }
      }
    }
  }
}
