{
    "name": "minecraft:village/snowy_taiga/houses",
    "fallback": "minecraft:village/snowy/terminators",
    "elements": [
      {
        "weight": 4,
        "element": {
          "location": "minecraft:village/taiga/houses/taiga_small_house_1",
          "processors": "villages_overhauled:snowy_taiga_roof",
          "projection": "rigid",
          "element_type": "minecraft:single_pool_element"
        }
      },
      {
        "weight": 4,
        "element": {
          "location": "minecraft:village/taiga/houses/taiga_small_house_2",
          "processors": "villages_overhauled:snowy_taiga_roof",
          "projection": "rigid",
          "element_type": "minecraft:single_pool_element"
        }
      },
      {
        "weight": 4,
        "element": {
          "location": "minecraft:village/taiga/houses/taiga_small_house_3",
          "processors": "villages_overhauled:snowy_taiga_roof",
          "projection": "rigid",
          "element_type": "minecraft:single_pool_element"
        }
      },
      {
        "weight": 4,
        "element": {
          "location": "minecraft:village/taiga/houses/taiga_small_house_4",
          "processors": "villages_overhauled:snowy_taiga_roof",
          "projection": "rigid",
          "element_type": "minecraft:single_pool_element"
        }
      },
      {
        "weight": 4,
        "element": {
          "location": "minecraft:village/taiga/houses/taiga_small_house_5",
          "processors": "villages_overhauled:snowy_taiga_roof",
          "projection": "rigid",
          "element_type": "minecraft:single_pool_element"
        }
      },
      {
        "weight": 4,
        "element": {
          "location": "minecraft:village/taiga/houses/taiga_small_house_6",
          "processors": "villages_overhauled:snowy_taiga_roof",
          "projection": "rigid",
          "element_type": "minecraft:single_pool_element"
        }
      },
      {
        "weight": 4,
        "element": {
          "location": "minecraft:village/taiga/houses/taiga_small_house_7",
          "processors": "villages_overhauled:snowy_taiga_roof",
          "projection": "rigid",
          "element_type": "minecraft:single_pool_element"
        }
      },
      {
        "weight": 4,
        "element": {
          "location": "minecraft:village/taiga/houses/taiga_small_house_8",
          "processors": "villages_overhauled:snowy_taiga_roof",
          "projection": "rigid",
          "element_type": "minecraft:single_pool_element"
        }
      },
      {
        "weight": 2,
        "element": {
          "location": "minecraft:village/taiga/houses/taiga_medium_house_1",
          "processors": "villages_overhauled:snowy_taiga_roof",
          "projection": "rigid",
          "element_type": "minecraft:single_pool_element"
        }
      },
      {
        "weight": 2,
        "element": {
          "location": "minecraft:village/taiga/houses/taiga_medium_house_2",
          "processors": "villages_overhauled:snowy_taiga_roof",
          "projection": "rigid",
          "element_type": "minecraft:single_pool_element"
        }
      },
      {
        "weight": 2,
        "element": {
          "location": "minecraft:village/taiga/houses/taiga_medium_house_3",
          "processors": "villages_overhauled:snowy_taiga_roof",
          "projection": "rigid",
          "element_type": "minecraft:single_pool_element"
        }
      },
      {
        "weight": 2,
        "element": {
          "location": "minecraft:village/taiga/houses/taiga_medium_house_4",
          "processors": "villages_overhauled:snowy_taiga_roof",
          "projection": "rigid",
          "element_type": "minecraft:single_pool_element"
        }
      },
      {
        "weight": 2,
        "element": {
          "location": "minecraft:village/taiga/houses/taiga_butcher_shop_1",
          "processors": "villages_overhauled:snowy_taiga_roof",
          "projection": "rigid",
          "element_type": "minecraft:single_pool_element"
        }
      },
      {
        "weight": 2,
        "element": {
          "location": "minecraft:village/taiga/houses/taiga_tool_smith_1",
          "processors": "villages_overhauled:snowy_taiga_roof",
          "projection": "rigid",
          "element_type": "minecraft:single_pool_element"
        }
      },
      {
        "weight": 2,
        "element": {
          "location": "minecraft:village/taiga/houses/taiga_fletcher_house_1",
          "processors": "villages_overhauled:snowy_taiga_roof",
          "projection": "rigid",
          "element_type": "minecraft:single_pool_element"
        }
      },
      {
        "weight": 2,
        "element": {
          "location": "minecraft:village/taiga/houses/taiga_shepherds_house_1",
          "processors": "villages_overhauled:snowy_taiga_roof",
          "projection": "rigid",
          "element_type": "minecraft:single_pool_element"
        }
      },
      {
        "weight": 1,
        "element": {
          "location": "minecraft:village/taiga/houses/taiga_armorer_1",
          "processors": "villages_overhauled:snowy_taiga_roof",
          "projection": "rigid",
          "element_type": "minecraft:single_pool_element"
        }
      },
      {
        "weight": 1,
        "element": {
          "location": "minecraft:village/taiga/houses/taiga_armorer_2",
          "processors": "villages_overhauled:snowy_taiga_roof",
          "projection": "rigid",
          "element_type": "minecraft:single_pool_element"
        }
      },
      {
        "weight": 3,
        "element": {
          "location": "minecraft:village/taiga/houses/taiga_fisher_cottage_1",
          "processors": "villages_overhauled:snowy_taiga_roof",
          "projection": "rigid",
          "element_type": "minecraft:single_pool_element"
        }
      },
      {
        "weight": 2,
        "element": {
          "location": "minecraft:village/taiga/houses/taiga_tannery_1",
          "processors": "villages_overhauled:snowy_taiga_roof",
          "projection": "rigid",
          "element_type": "minecraft:single_pool_element"
        }
      },
      {
        "weight": 2,
        "element": {
          "location": "minecraft:village/taiga/houses/taiga_cartographer_house_1",
          "processors": "villages_overhauled:snowy_taiga_roof",
          "projection": "rigid",
          "element_type": "minecraft:single_pool_element"
        }
      },
      {
        "weight": 2,
        "element": {
          "location": "minecraft:village/taiga/houses/taiga_library_1",
          "processors": "villages_overhauled:snowy_taiga_roof",
          "projection": "rigid",
          "element_type": "minecraft:single_pool_element"
        }
      },
      {
        "weight": 1,
        "element": {
          "location": "minecraft:village/taiga/houses/taiga_masons_house_1",
          "processors": "villages_overhauled:snowy_taiga_roof",
          "projection": "rigid",
          "element_type": "minecraft:single_pool_element"
        }
      },
      {
        "weight": 1,
        "element": {
          "location": "minecraft:village/taiga/houses/taiga_masons_house_1",
          "processors": "villages_overhauled:snowy_taiga_mason_andesite",
          "projection": "rigid",
          "element_type": "minecraft:single_pool_element"
        }
      },
      {
        "weight": 1,
        "element": {
          "location": "minecraft:village/taiga/houses/taiga_masons_house_1",
          "processors": "villages_overhauled:snowy_taiga_mason_diorite",
          "projection": "rigid",
          "element_type": "minecraft:single_pool_element"
        }
      },
      {
        "weight": 2,
        "element": {
          "location": "minecraft:village/taiga/houses/taiga_weaponsmith_1",
          "processors": "villages_overhauled:snowy_taiga_roof",
          "projection": "rigid",
          "element_type": "minecraft:single_pool_element"
        }
      },
      {
        "weight": 2,
        "element": {
          "location": "minecraft:village/taiga/houses/taiga_weaponsmith_2",
          "processors": "villages_overhauled:snowy_taiga_roof",
          "projection": "rigid",
          "element_type": "minecraft:single_pool_element"
        }
      },
      {
        "weight": 2,
        "element": {
          "location": "minecraft:village/taiga/houses/taiga_stable_1",
          "processors": "villages_overhauled:snowy_taiga_roof",
          "projection": "rigid",
          "element_type": "minecraft:single_pool_element"
        }
      },
      {
        "weight": 2,
        "element": {
          "location": "minecraft:village/taiga/houses/taiga_temple_1",
          "processors": "villages_overhauled:snowy_taiga_roof",
          "projection": "rigid",
          "element_type": "minecraft:single_pool_element"
        }
      },
      {
        "weight": 5,
        "element": {
          "location": "minecraft:village/taiga/houses/taiga_large_farm_1",
          "processors": "villages_overhauled:snowy_taiga_farm_pumpkins",
          "projection": "rigid",
          "element_type": "minecraft:single_pool_element"
        }
      },
      {
        "weight": 5,
        "element": {
          "location": "minecraft:village/taiga/houses/taiga_large_farm_1",
          "processors": "villages_overhauled:snowy_taiga_farm_berries",
          "projection": "rigid",
          "element_type": "minecraft:single_pool_element"
        }
      },
      {
        "weight": 2,
        "element": {
          "location": "minecraft:village/taiga/houses/taiga_small_farm_1",
          "processors": "villages_overhauled:snowy_taiga_farm_pumpkins",
          "projection": "rigid",
          "element_type": "minecraft:single_pool_element"
        }
      },
      {
        "weight": 2,
        "element": {
          "location": "minecraft:village/taiga/houses/taiga_small_farm_1",
          "processors": "villages_overhauled:snowy_taiga_farm_berries",
          "projection": "rigid",
          "element_type": "minecraft:single_pool_element"
        }
      },
      {
        "weight": 2,
        "element": {
          "location": "minecraft:village/taiga/houses/taiga_animal_pen_1",
          "processors": "villages_overhauled:snowy_taiga_roof",
          "projection": "rigid",
          "element_type": "minecraft:single_pool_element"
        }
      }
    ]
  }