{
  "criteria": {
    "requirement": {
      "trigger": "minecraft:entity_hurt_player",
      "conditions": {
        "player": [
          {
            "condition": "minecraft:entity_properties",
            "entity": "this",
            "predicate": {
              "equipment": {
                "head": {
                  "nbt": "{armor:warped_helmet}"
                }
              }
            }
          }
        ],
        "damage": {
          "type": {
            "tags": [
              {
                "id": "mt:projectile",
                "expected": true
              }
            ]
          }
        }
      }
    }
  },
  "rewards": {
    "function": "mt:entity_hit_functions/assign"
  }
}
