{
  "pools": [
    {
      "rolls": 1,
      "entries": [
        {
          "type": "minecraft:item",
          "name": "minecraft:iron_helmet",
          "functions": [
            {
              "function": "minecraft:set_nbt",
              "tag": "{display:{Name:'[{\"text\":\"Cursed Helmet\",\"italic\":false,\"color\":\"dark_gray\"}]'}}"
            },
            {
              "function": "minecraft:set_attributes",
              "modifiers": [
                {
                  "attribute": "minecraft:generic.armor",
                  "name": "",
                  "amount": {
                    "min": 1,
                    "max": 3
                  },
                  "operation": "addition",
                  "slot": "head"
                },
                {
                  "attribute": "minecraft:generic.attack_damage",
                  "name": "",
                  "amount": {
                    "min": 1,
                    "max": 3
                  },
                  "operation": "addition",
                  "slot": "head"
                },
                {
                  "attribute": "minecraft:generic.attack_speed",
                  "name": "",
                  "amount": {
                    "min": -1,
                    "max": -0.1
                  },
                  "operation": "addition",
                  "slot": "head"
                }
              ]
            }
          ]
        },
        {
          "type": "minecraft:item",
          "name": "minecraft:iron_chestplate",
          "functions": [
            {
              "function": "minecraft:set_nbt",
              "tag": "{display:{Name:'[{\"text\":\"Cursed Chestplate\",\"italic\":false,\"color\":\"dark_gray\"}]'}}"
            },
            {
              "function": "minecraft:set_attributes",
              "modifiers": [
                {
                  "attribute": "minecraft:generic.armor",
                  "name": "",
                  "amount": {
                    "min": 3,
                    "max": 7
                  },
                  "operation": "addition",
                  "slot": "chest"
                },
                {
                  "attribute": "minecraft:generic.attack_damage",
                  "name": "",
                  "amount": {
                    "min": 1,
                    "max": 3
                  },
                  "operation": "addition",
                  "slot": "chest"
                },
                {
                  "attribute": "minecraft:generic.luck",
                  "name": "",
                  "amount": {
                    "min": -3,
                    "max": -0.1
                  },
                  "operation": "addition",
                  "slot": "chest"
                }
              ]
            }
          ]
        },
        {
          "type": "minecraft:item",
          "name": "minecraft:iron_leggings",
          "functions": [
            {
              "function": "minecraft:set_nbt",
              "tag": "{display:{Name:'[{\"text\":\"Cursed Leggings\",\"italic\":false,\"color\":\"dark_gray\"}]'}}"
            },
            {
              "function": "minecraft:set_attributes",
              "modifiers": [
                {
                  "attribute": "minecraft:generic.armor",
                  "name": "",
                  "amount": {
                    "min": 2,
                    "max": 4
                  },
                  "operation": "addition",
                  "slot": "legs"
                },
                {
                  "attribute": "minecraft:generic.attack_damage",
                  "name": "",
                  "amount": {
                    "min": 1,
                    "max": 3
                  },
                  "operation": "addition",
                  "slot": "legs"
                },
                {
                  "attribute": "minecraft:generic.movement_speed",
                  "name": "",
                  "amount": {
                    "min": -0.4,
                    "max": -0.1
                  },
                  "operation": "addition",
                  "slot": "legs"
                }
              ]
            }
          ]
        },
        {
          "type": "minecraft:item",
          "name": "minecraft:iron_boots",
          "functions": [
            {
              "function": "minecraft:set_nbt",
              "tag": "{display:{Name:'[{\"text\":\"Cursed Boots\",\"italic\":false,\"color\":\"dark_gray\"}]'}}"
            },
            {
              "function": "minecraft:set_attributes",
              "modifiers": [
                {
                  "attribute": "minecraft:generic.armor",
                  "name": "",
                  "amount": {
                    "min": 1,
                    "max": 3
                  },
                  "operation": "addition",
                  "slot": "feet"
                },
                {
                  "attribute": "minecraft:generic.attack_damage",
                  "name": "",
                  "amount": {
                    "min": 1,
                    "max": 3
                  },
                  "operation": "addition",
                  "slot": "feet"
                },
                {
                  "attribute": "minecraft:generic.max_health",
                  "name": "",
                  "amount": {
                    "min": -3,
                    "max": -0.1
                  },
                  "operation": "addition",
                  "slot": "feet"
                }
              ]
            }
          ]
        }
      ]
    }
  ]
}
