{
  "display": {
    "icon": {
      "item": "minecraft:repeating_command_block"
    },
    "title": "BRO, YOU ACTUALLY DID IT!?",
    "description": "Find 100 Legendary Treasures! I wonder how long this took you to get...",
    "frame": "goal",
    "show_toast": true,
    "announce_to_chat": true,
    "hidden": true
  },
  "parent": "mt:treasure_advancements/50_legendary_treasure",
  "criteria": {
    "obtainchest": {
      "trigger": "minecraft:tick",
      "conditions": {
        "player": [
          {
            "condition": "minecraft:entity_scores",
            "entity": "this",
            "scores": {
              "mt.legendary_count": {
                "min": 100
              }
            }
          }
        ]
      }
    }
  }
}
