{
  "display": {
    "icon": {
      "item": "minecraft:bookshelf"
    },
    "title": "There’s No Place Like Home",
    "description": "Find your first Legendary Taiga Treasure!",
    "frame": "challenge",
    "show_toast": true,
    "announce_to_chat": true,
    "hidden": false
  },
  "parent": "mt:treasure_advancements/first_epic_taiga_treasure",
  "criteria": {
    "obtainchest": {
      "trigger": "minecraft:player_generates_container_loot",
      "conditions": {
        "loot_table": "mt:chests/taiga_treasure/taiga_legendary_treasure"
      }
    }
  }
}
