{
  "display": {
    "icon": {
      "item": "minecraft:warped_stem"
    },
    "title": "Wrap That Trap",
    "description": "Find your first Rare Warped Forest Treasure!",
    "frame": "task",
    "show_toast": true,
    "announce_to_chat": true,
    "hidden": false
  },
  "parent": "mt:treasure_advancements/first_common_warped_treasure",
  "criteria": {
    "obtainchest": {
      "trigger": "minecraft:player_generates_container_loot",
      "conditions": {
        "loot_table": "mt:chests/warped_treasure/warped_rare_treasure"
      }
    }
  }
}
