{
  "display": {
    "icon": {
      "item": "minecraft:red_mushroom_block"
    },
    "title": "How Mush-Room Did That Take?",
    "description": "Find your first Common Mushroom Treasure!",
    "frame": "task",
    "show_toast": true,
    "announce_to_chat": true,
    "hidden": false
  },
  "parent": "mt:treasure_advancements/first_common_treasure",
  "criteria": {
    "obtainchest": {
      "trigger": "minecraft:player_generates_container_loot",
      "conditions": {
        "loot_table": "mt:chests/mushroom_treasure/mushroom_common_treasure"
      }
    }
  }
}
