{
  "display": {
    "icon": {
      "item": "minecraft:crimson_stem"
    },
    "title": "Crimson Prism",
    "description": "Find your first Rare Crimson Forest Treasure!",
    "frame": "task",
    "show_toast": true,
    "announce_to_chat": true,
    "hidden": false
  },
  "parent": "mt:treasure_advancements/first_common_crimson_treasure",
  "criteria": {
    "obtainchest": {
      "trigger": "minecraft:player_generates_container_loot",
      "conditions": {
        "loot_table": "mt:chests/crimson_treasure/crimson_rare_treasure"
      }
    }
  }
}
