{
  "display": {
    "icon": {
      "item": "minecraft:nether_gold_ore"
    },
    "title": "Fortune In Hell",
    "description": "Find your first Rare Nether Treasure!",
    "frame": "task",
    "show_toast": true,
    "announce_to_chat": true,
    "hidden": false
  },
  "parent": "mt:treasure_advancements/first_common_nether_treasure",
  "criteria": {
    "obtainchest": {
      "trigger": "minecraft:player_generates_container_loot",
      "conditions": {
        "loot_table": "mt:chests/nether_treasure/netherdefault_rare_treasure"
      }
    }
  }
}
