{
  "display": {
    "icon": {
      "item": "minecraft:glass"
    },
    "title": "So Hot That It Burns",
    "description": "Find your first Rare Desert Treasure!",
    "frame": "task",
    "show_toast": true,
    "announce_to_chat": true,
    "hidden": false
  },
  "parent": "mt:treasure_advancements/first_common_desert_treasure",
  "criteria": {
    "obtainchest": {
      "trigger": "minecraft:player_generates_container_loot",
      "conditions": {
        "loot_table": "mt:chests/desert_treasure/desert_rare_treasure"
      }
    }
  }
}
