{
  "display": {
    "icon": {
      "item": "minecraft:crimson_hyphae"
    },
    "title": "Hyph-yay, Crimson Slay!",
    "description": "Find your first Legendary Crimson Forest Treasure!",
    "frame": "challenge",
    "show_toast": true,
    "announce_to_chat": true,
    "hidden": false
  },
  "parent": "mt:treasure_advancements/first_epic_crimson_treasure",
  "criteria": {
    "obtainchest": {
      "trigger": "minecraft:player_generates_container_loot",
      "conditions": {
        "loot_table": "mt:chests/crimson_treasure/crimson_legendary_treasure"
      }
    }
  }
}
