{
  "criteria": {
    "requirement": {
      "trigger": "minecraft:entity_hurt_player",
      "conditions": {
        "player": {
          "equipment": {
            "chest": {
              "nbt": "{armor:swamp_chestplate}"
            }
          }
        },
        "damage": {
          "type": {
            "is_explosion": false,
            "is_magic": false,
            "is_lightning": false,
            "bypasses_invulnerability": false,
            "bypasses_magic": false
          }
        }
      }
    }
  },
  "rewards": {
    "function": "mt:items/armor/swamp_dmg_detect"
  }
}
