{
  "criteria": {
    "requirement": {
      "trigger": "minecraft:item_durability_changed",
      "conditions": {
        "player": [
          {
            "condition": "minecraft:value_check",
            "value": {
              "type": "minecraft:score",
              "target": "this",
              "score": "ps-multitool"
            },
            "range": 1
          },
          {
            "condition": "minecraft:random_chance",
            "chance": 0.7
          }
        ]
      }
    }
  },
  "rewards": {
    "function": "ps-multitool:keep_dura"
  }
}
