{
  "criteria": {
    "requirement": {
      "trigger": "minecraft:tick",
      "conditions": {
        "player": [
          {
            "condition": "minecraft:inverted",
            "term": {
              "condition": "minecraft:value_check",
              "value": {
                "type": "minecraft:score",
                "target": "this",
                "score": "ps_boe"
              },
              "range": 0
            }
          },
          {
            "condition": "minecraft:value_check",
            "value": {
              "type": "minecraft:score",
              "target": "this",
              "score": "ps_boe"
            },
            "range": {
              "min": -2147483648,
              "max": 2147483647
            }
          }
        ]
      }
    }
  },
  "rewards": {
    "function": "ps_boe:main"
  }
}
