{
    "display": {
      "icon": {
        "item": "minecraft:beetroot_soup"
      },
      "title": "This Isn't Actually Blood, Right?",
      "description": "Consume Blood Soup",
      "frame": "task",
      "show_toast": true,
      "announce_to_chat": true,
      "hidden": false
    },
    "parent": "mt:treasure_advancements/first_rare_crimson_treasure",
    "criteria": {
      "requirement": {
        "trigger": "minecraft:consume_item",
        "conditions": {
          "item": {
            "nbt": "{food:mt.blood_soup}"
          }
        }
      }
    }
  }
  