{
  "display": {
    "icon": {
      "item": "minecraft:nether_wart_block"
    },
    "title": "Regenhilation",
    "description": "Obtain The Crimson Forest Chestplate",
    "frame": "challenge",
    "show_toast": true,
    "announce_to_chat": true,
    "hidden": true
  },
  "parent": "mt:treasure_advancements/first_legendary_crimson_treasure",
  "criteria": {
    "obtainchest": {
      "trigger": "minecraft:inventory_changed",
      "conditions": {
        "items": [
          {
            "items": [
              "minecraft:leather_chestplate"
            ],
            "nbt": "{armor:crimson_chestplate}"
          }
        ]
      }
    }
  }
}
