{
  "display": {
    "icon": {
      "item": "minecraft:piglin_head"
    },
    "title": "Halving the Killing",
    "description": "Find the Sharpened Sword",
    "frame": "task",
    "show_toast": true,
    "announce_to_chat": true,
    "hidden": false
  },
  "parent": "mt:treasure_advancements/first_epic_crimson_treasure",
  "criteria": {
    "obtainchest": {
      "trigger": "minecraft:inventory_changed",
      "conditions": {
        "items": [
          {
            "items": [
              "minecraft:iron_sword"
            ],
            "nbt": "{weapon:mt.sharpened_sword}"
          }
        ]
      }
    }
  }
}
