{
    "feature": "minecraft:ore_coal_buried",
    "placement": [
        {
            "type": "minecraft:rarity_filter",
            "chance": 2
        },
        {
            "type": "minecraft:in_square"
        },
        {
            "height": {
                "min_inclusive": {
                    "absolute": 0
                },
                "max_inclusive": {
                    "absolute": 192
                },
                "type": "minecraft:trapezoid"
            },
            "type": "minecraft:height_range"
        },
        {
            "type": "minecraft:biome"
        }
    ]
}