{
    "feature": "minecraft:ore_gold_buried",
    "placement": [
      {
        "type": "minecraft:rarity_filter",
        "chance": 4
      },
      {
        "type": "minecraft:in_square"
      },
      {
        "type": "minecraft:height_range",
        "height": {
          "type": "minecraft:trapezoid",
          "max_inclusive": {
            "absolute": 32
          },
          "min_inclusive": {
            "absolute": -64
          }
        }
      },
      {
        "type": "minecraft:biome"
      }
    ]
  }