{
    "feature": "minecraft:ore_redstone",
    "placement": [
      {
        "type": "minecraft:rarity_filter",
        "chance": 5
      },
      {
        "type": "minecraft:in_square"
      },
      {
        "type": "minecraft:height_range",
        "height": {
          "type": "minecraft:uniform",
          "max_inclusive": {
            "absolute": 15
          },
          "min_inclusive": {
            "above_bottom": 0
          }
        }
      },
      {
        "type": "minecraft:biome"
      }
    ]
  }