{
    "feature": "minecraft:ore_iron_small",
    "placement": [
      {
        "count": 5,
        "type": "minecraft:count"
      },
      {
        "type": "minecraft:in_square"
      },
      {
        "height": {
          "min_inclusive": {
            "above_bottom": 0
          },
          "max_inclusive": {
            "absolute": 72
          },
          "type": "minecraft:uniform"
        },
        "type": "minecraft:height_range"
      },
      {
        "type": "minecraft:biome"
      }
    ]
  }