{"type":"entity","pools":[{"rolls":{"min":1,"max":2},"entries":[{"type":"item","weight":100,"name":"minecraft:saddle","functions":[{"function":"set_count","count":1}]},{"type":"item","weight":50,"name":"minecraft:emerald","functions":[{"function":"set_count","count":{"min":1,"max":2}}]},{"type":"item","weight":80,"name":"minecraft:beef","functions":[{"function":"set_count","count":{"min":1,"max":5}}]},{"type":"item","weight":70,"name":"minecraft:leather","functions":[{"function":"set_count","count":{"min":1,"max":5}}]}]}]}